Ocl_gshpx-357,T,G,ATCCGTCCAGGAAATG,TCCGTCCCGGAAATG,GAGATCCTGAGGTCCCTGAAGTAT,0,0
Omy_myclarp404-111,T,G,CAAAGCCATACGTGGCC,AAGCCATCCGTGGCC,GCTGTGGTGCTCATGGGTAAA,0,0
Omy_Omyclmk438-96,A,C,TACGCAAATTAGGTTTAAA,CGCAAATTAGGGTTAAA,CCCGACTCTACTTCACTACTTTCCT,0,0
M09AAC.055,C,T,ACCTCCACGCTGTCC,ACCTCCACACTGTCC,GTCTCCGACGTGTGGCT,0,0
OMGH1PROM1-SNP1,A,T,TAGTGTTCACTGACTTCA,TAGTGTACACTGACTTCA,TCAAACTGCATTTGATGGAAACAAACAT,0,0
OMS00003,T,G,CTTTACTGTCGACATTTTA,TACTGTCGCCATTTTA,GTGCCACTGATGAGGATGAGATCA,0,0
OMS00008,A,T,CTTCAAATATCCATAATTATATC,TCAAATATCCATAATAATATC,CCCTTTAAGGAGGATTTTAAATATGTGAGATAGAA,0,0
OMS00013,A,G,CTTCTTTTCCCTTGCTACTC,CTTTTCCCTCGCTACTC,GCCTTTGTTCTCCTTGGTGGTTA,0,0
OMS00014,T,C,TGATTTGATGAATTAAACTTC,TTGATGAATTGAACTTC,CTTACACACAAGGGCTTCATTCTG,0,0
OMS00015,A,T,CAAGTCACACTTTTAATGAA,CAAGTCACACTTATAATGAA,TCAGACCCTATTTTTGGCACAAGT,0,0
OMS00017,A,G,TAGACCTCGGTGCTGTAG,CCTCGGCGCTGTAG,ATTAAGTTCATACAAAAGTTCATCATAAATATTTTCCTTT,0,0
OMS00018,T,G,AACCACATAATTAATAATTC,CCACATAATTCATAATTC,AGAGTACATGTGTGGCTGCAA,0,0
Omy_cd28-130,T,C,CCTGTTCATTCACCC,CTGTTCGTTCACCC,CACAACTCCACAGAGACAGTGA,0,2.7
OMS00030,T,G,ATGAGGGTCCCTATACAGG,ATGAGGGTCCCTCTACAGG,CCTCGTGACTACAGAGCTATACAAC,0,0
OMS00048,T,C,CAGCTAAACTCAGCAAAA,AGCTAAACTCGGCAAAA,GGAAGAGCTGGAGAACAACGT,0,0
OMS00052,T,G,CTTCCTTTTGAGAATAAT,CCTTTTGCGAATAAT,TGCGTTTTTCATCCCAATCATTCAC,0,0
OMS00056,T,C,TAGCTTGACCAAATAGCA,CTTGACCGAATAGCA,TCAGGAAGTAAACTGAAAATTCCAATGTATGA,0,0
OMS00061,T,C,CATTGCCATTTACAGACTT,TGCCATTTGCAGACTT,AAGTGGAGGCTGACCTGTTG,0,0
OMS00092,A,C,CAGCTGAGAATAGGTTC,AGCTGAGAAGAGGTTC,TCTCCAGGTGTATCTTGAGAAGGT,0,0
OMS00096,T,G,AAAGAGGAAGAGTCTCG,AAAGAGGAAGCGTCTCG,CATGAGAATGGATCAGTCTCCACAA,0,0
OMS00087,A,G,GTTA[CA]AACTGACAAAGTGTG,GTTA[CA]AGCTGACAAAGTGT,GCAAATTTCACCCTTAACGTGGTTT,0,0
OMS00119,A,T,CCACACAGCTGCCTGT,CACACAGCAGCCTGT,AGCGGCAGTTGTGTTAATGAGA,0,0
OMS00129,C,G,TTGAACAACAAGAAAAA,TTGAACAACAACAAAAA,GGAGATGATGAAATAAAAATTGAGGAAAAGATGA,0,0
OMS00133,A,G,CGCCTCCATCTTTGTGGT,CGCCTCCATCTCTGTGGT,GACCACTTCACTCATTCCTCCTTTT,0,0
OMS00138,T,G,CTAACAATAACCAAAGACTG,CTAACAATAACCACAGACTG,TCGGACCACATGAGCAGTTC,0,0
OMS00149,T,G,GCTAAATGCACAG,GCTAAAGGCACAG,GGCATCATTGTTCTTGCTCTGTTTA,0,0
OMS00151,A,G,TCATGACCTTGATAATC,ATGACCTCGATAATC,CTAACGTCTTCCCAATGATATTTCACAAGATA,0,0
OMS00095,A,T,AGGCAACTATATATTTTTTT,AGGCAACTATATATATTTTT,CTCCAATGGCTGTCAACAATTAAATATAAGAC,1.5,0
OMS00169,A,G,CAAAAAGCATTGATATCAAT,AAAAGCATTGACATCAAT,AGCACTTGACTCAAACTCACATAAATCA,0,0
OMS00173,T,C,CATTAGCTTGTGTATGAACT,ATTAGCTTGTGTGTGAACT,TGGAAGTAGCTACTTAACAGGAAATGG,0,0
OMS00176,T,G,TTCCAGCACTGCTGTC,CCAGCCCTGCTGTC,GTTGGAAGTTCCGGTGGTAGAG,0,0
Omy_impa1-55,C,T,CGAGATGATGCGTCTACA,CGAGATGATGCATCTACA,CGCTGAGAGGATTGTCAA,0,0
Omy_103705-558,T,C,AGACTTACCCAGAGTGAGAG,ACTTACCCAGGGTGAGAG,CTCCAATCGCAAATACCCAGACT,0,0
Omy_105075-162,T,G,CTTTCTCTCCTACTTTCC,CTTTCTCTCCTCCTTTCC,GGAGAAGGACAAGGACATTGGTAAT,0,0
Omy_107031-704,C,T,TGGACATGATTGCATAGAC,CTGGACATGATTACATAGAC,GGCTTTCGGATACTGAGCAACAA,0,0
Omy_107285-69,C,G,ATACGTTACTTTTGACCTTGT,ACGTTACTTTTCACCTTGT,GCCCTTGTGACAATGCACTGTTATA,0,0
Omy_110201-359,T,G,TTTGGCTATTGAAATTATACATT,TTGGCTATTGAAATTCTACATT,GGTAAGGCCTGTCTGACTATTTTGA,0,0
Omy_CRBF1-1,C,T,CAGAGTCGCCAAAAT,CCAGAGTCACCAAAAT,AGTTCCGTACGGTAGCCTATTCTA,0,1
OMS00114,T,G,AAACGTTTCACATGCACC,AAACGTTTCACCTGCACC,GGATGATGCTGTGAGTCGAGAAG,0,0
OMS00143,T,C,CCTGATCCAGAATCTAGA,CCTGATCCAGAGTCTAGA,GGAGGCACGCCCCAAA,0,0
OMS00174,A,C,CAAGAACAGG[AC]TAAATGT,CAAGAACAGG[AC]GAAATGT,TGACTAACTATGCAGCCTGAAAGG,0,0
Omy_97077-73,T,A,TGGTGCAATAGAAATA,CATGGTGCAATAGTAATA,GTGTAAACAAAATGACTCTGGGATTCAG,0,0
Omy_97865-196,A,G,ATTAATTAACAAGCTC,ATTAATTGACAAGCT,TCCAGACTTCTGGTTTGTTCCATT,0,0
Omy_97954-618,C,T,CAACGCTTACCGGTGTGT,CAACGCTTACCAGTGTGT,GCTCTGCTTCCTCGGCAAATA,0,0
Omy_128996-481,T,G,CAAACCTCAACCAC,CAAACCGCAACCAC,CTCATCCACACTGTACAGTACAAGT,0,0
Omy_aromat-280,T,C,TCTTGCAAACTCC,TCTTGCGAACTCC,CTCCATTGATTCATGCCGAACATT,0,0
Omy_aspAT-123,T,C,CCTTCCTAGGCAGTCAG,TTCCTGGGCAGTCAG,GCCCATTTCACTGATGCTGTGA,0,0
Omy_b9-164,T,-,CCTACAACTTGATCTAACGTG,CCTACAACTTGATCTACGTG,GCACAGAACACAGCCAATATTAACA,0,0
Omy_BAC-F5.284,C,T,CAGTAGGGCGGCAAG,ACAGTAGGACGGCAAG,CCTCATTTACTGTAGGACCATGCA,0,0
Omy_BAMBI2.312,G,T,CCGAAAGTTCAACTTT,CCGAAAGTTAAACTTT,CGAGCTCATGTCCGAAACTCAT,1.7,0
Omy_carban1-264,G,A,CATTAATATTGCTAATAACACCAAG,ATTAATATTGCTAATAACACTAAG,GCAAAGCCTCATCTTCAATCATTTGT,0,0
Omy_cd59b-112,C,T,CTAAAAGCCTATAGCAAACT,CTAAAAGCCTATAACAAACT,TTTGGATAAGATTGTCTTATATGACTAAAATGTCATGT,0,0
Omy_cin-172,C,T,CGCTCACCGTGGTTAC,CGCTCACCATGGTTAC,CGCATGGGACAGGTGTGT,0,0
Omy_cox2-335,T,G,CTTTAAAGACAAAGACTTTAT,TTTAAAGACAAAGCCTTTAT,AGCTGGGCTGTATTTGTCAATACTT,0,0
Omy_e1-147,G,T,CCATCCTGAATCTGATTAA,CCATCCTGAATATGATTAA,GCACTGACTGTTACCAGGAAAGAG,0,0
Omy_g1-103,T,C,CCTTTTACAATGAAGATC,CTTTTACAGTGAAGATC,AGTCGTGACAATGAGAAACAGTGTT,0,0
Omy_G3PD_2-371,C,A,AGACATGTGGATTGGCA,CAGACATGTGTATTGGCA,GCAGGTAAGGTACACCATAGAGACA,0,0
Omy_gadd45-332,T,C,TTGCTCCAAAATGG,TTGCTCCGAAATGG,AGAGAAGACTCACTGCTGTTTGC,0,0
Omy_gdh-271,C,T,TCACCCTGAAGTGTAGAC,TCACCCTGAAATGTAGAC,AGGTCAGTCTACTTACAGTATAAAGCAGT,0,0
Omy_gh-475,C,T,CTGAAACTCATGGTATACA,CTGAAACTCATGATATACA,AAGTTACCAGAATTTTGCAAACTCAACT,0,0
Omy_GHSR-121,T,C,CCTAATAACCATGATAACAGC,AATAACCATGGTAACAGC,CTGTGTATAAGTTTATACAGTCAGCACAGT,0,0
Omy_hsp47-86,T,A,CAGGAGTGTAAATGTTT,ACAGGAGTGTATATGTTT,CACATTAAGCACTCCCAGGGA,0,0
Omy_hsp70aPro-329,A,G,ACATTCCAATATTCAACTAT,CATTCCAATATCCAACTAT,TGCGTATTATTGTTTTTCAAGGACTTTCAAA,0,0
Omy_IL1b-163,T,G,CTGAGGTCATAAAAATA,CTGAGGTCATACAAATA,GGAACAACAGGATTAAGCCTACTCT,0,0
Omy_inos-97,C,A,CCTTTCTTGATGGTATCC,TCCTTTCTTGATTGTATCC,GATGGACAGGGTCCTCTTCAC,0,0
Omy_LDHB-1_i2,C,T,ATGGGCAGTCATTCA,TGGGCAATCATTCA,ACGCACACTTATCCTTGACAATGTT,0,0
Omy_LDHB-2_e5,T,C,TTTACCTGTCAAC,CCTGTCGAC,TGCTAGGTGAGTCAGAGGTACATATT,0,0
Omy_LDHB-2_i6,G,T,CTGTGTTTTGCTTCCCCA,CTGTGTTTTGATTCCCCA,TCCTCGCCAATACCATACATGTC,0,0
Omy_lpl-220,C,G,AGTGACAGTCA,AGTCACAGTCA,TGACAATCACTGAGCAACTGAACTC,0,0
Omy_mapK3-103,A,T,AATTATTAAGCCTATTTTTTT,ATTATTAAGCCTAATTTTTT,GAAGTCATTACTGGTCAGTGGTCAA,0,0
Omy_mcsf-268,T,C,AAATAATAGATAAA[CT]CCT,AAATAACAGATAAA[CT]CCT,CCAGCATTCGTTCCCATTTCC,0,0
Omy_metB-138,T,A,TTCGCCAAAGAGAAAT,TTCGCCAAAGTGAAAT,TCTGTCCCTGACGCTATAAAAACG,0,0
Omy_myoD-178,A,C,TTTTATGAGATATAATTTCC,TTTTATGAGATATCATTTCC,GGTCAAATATTTCATTTACGATTACACTTAGGC,0,0
Omy_nach-200,A,T,AACTGACAGAGTCACAAC,CTGACAGAGACACAAC,CTCATGAAAAACGGGAGAGCAAAG,0,0
Omy_nxt2-273,C,T,AAGGCAC,AAGGCAT,CTTTAGAAAAGCCAAGGTATATTTTAACATACTTCT,0,0
Omy_OmyP9-180,C,G,CTGTAGTAGTCCCCATTGT,CTGTAGTAGTCCGCATTGT,CTGGATGTGTAGTATCGGTGGAAAA,0,0
Omy_pad-196,C,T,AAGACAAAGGTGTAATACC,AAGACAAAGGTATAATACC,CAAACAACCACAGTAGTCCTCCAAT,0,0
Omy_ppie-232,C,T,AAATAGCGGAGAAAAT,AAAATAGCAGAGAAAAT,CTGTTTTAGATTAGAATGTTTTTGGTCAGGT,0,0
Omy_ca050-64,T,G,CAGTTTGAAGAATATACTC,CAGTTTGAAGACTATACTC,GTCATACAGAACTGTTTTGTTGTGTCAA,0,0
Omy_sast-264,G,A,CTAGCCAATGCGTCTAA,ATCTAGCCAATGTGTCTAA,GAAGTAGGGTTTGTTGACCATGTGA,0,0
Omy_SECC22b-88,T,C,CTGTCTGTCCATATATC,CTGTCTGTCCGTATATC,GGATCCCTCCTTTTAACACAAGACT,0,0
Omy_sSOD-1,T,G,CCACAACAAGACCC,CCACAACCAGACCC,GCCGGACCCCACTTCAA,0,0
Omy_star-206,A,G,TCTTTGGCACTATATCT,TTTGGCACCATATCT,CGTGTGCCAGCCCTTCT,0,0
Omy_sys1-188,C,A,AAACATGTACGACCTGTC,TGTAAACATGTACTACCTGTC,CTTAAATGGTGCTGGTTGCTGTATT,0,0
Omy_tlr3-377,C,T,CGTGATTAGGTTCTTC,CGTGATTAGATTCTTC,GTCGCTCCGGGTGCTT,0,0
Omy_tlr5-205,T,A,CAGTAATATTTCAGTGCCCG,CAGTAATATTTCTGTGCCCG,GAGCGTATCTGGTATGGTAACAACA,0,0
Omy_hsf1b-241,A,-,CAGTGTTTTGTTTTTTGTCATT,AGTGTTTTGTTTTTGTCATT,AGCCCGAACTATCCTAAAGCATTTT,0,0
Omy_u07-79-166,G,T,ACTTGGGAATACCCCAGCC,CTTGGGAATAACCCAGCC,CCCGCTATATTATTTGATCACCCTTGA,0,0
Omy_u09-52.284,T,G,ACTGCATTGTTGTAGCTAG,CTGCATTGTTGTCGCTAG,TTTGTGTGTATTGTTGTGACTTG,0,0
Omy_hus1-52,G,A,CCCATCCCTCCTCCTGG,CCCATCCCTTCTCCTGG,CTTGCCGGAGGGTAGCT,0,1
Omy_u09-56.119,T,C,AGTGAGCTGAAACAGAGCA,TGAGCTGAAGCAGAGCA,CCAAGGTGGACCCACCAG,0,0
Omy_nips-299,T,-,CTGGATTTCACATGTAATAC,CTGGATTTCACGTAATAC,GACAGGATAGGAACGGTTTCTCAAT,0,0
Omy_UT16_2-173,C,T,ACAGTCAACAAGGGACTTAA,ACAGTCAATAAGGGACTTAA,ATTGACTCATTATCACCTTAGTTGTAGCTTCA,0,0
Omy_vamp5-303,A,-,TGGCCGTAGTAGTTGGTCA,TGGCCGTAGTTGGTCA,CTGCTTCCCAATTCAGTATCGTCTT,0,0
Omy_zg57-91,C,A,CACAGACTGCACAGCC,CCACAGACTTCACAGCC,CACTCATACACTCACTCACAAAGGA,0,0
Omy_ndk-152,A,G,ACCCACTTTCAAAAC,ACCCACTCTCAAAAC,AAGAATTGAGGGATAAAAACAAAATAATATATAAACATGA,0,0
M09AAD.076,T,C,CACCAACCACTGGTGAA,CCAACCGCTGGTGAA,ACTGTTACCACTCTCTCATCAACCT,0,0
M09AAJ.163,G,A,AACAAAGTGAAAGTGTCCTTA,CAAAGTGAAAGTGTCTTTA,TCCCATGGCCCTTACTCTATCAA,0,0
M09AAE.082,T,G,AGGTTGTTTTACAAATTTAA,AGGTTGTTTTACACATTTAA,CTATGTGCAGTGCCCTTCTCA,0,0
OMS00002,A,C,TGTTTTGCAGCGCTC,TGTTTGGCAGCGCT,TTTGATTTGATTTGTATCTGCTTCTT,0,0
OMS00006,T,C,CACTTACAAATACAAAATT,CTTACAAATGCAAAATT,TCCACGTAGGACATAGTTTGAGCTA,0,0
OMS00024,T,G,AA[AC]CCCAAATTTTAC,AA[CA]CCCAATTTTAC,CACATACAACCATCACCCTTCCTAA,0,0
OMS00039,A,G,GTACGTGTCTCTGACC,GTGCGTGTCTCTGACC,GTCAGTACTGTGTGTGTCTGTGT,0,0
OMS00053,T,C,ATTTATATGTATCAATCA,ATTTATACGTATCAATCA,GGAGCCAGGTCAAGGTGATC,0,0
OMS00057,T,G,CTCCACAGAACCTTG,CTCCACAGCACCTTG,GAGAAAGGGAGCATGAGACAGA,0,0
OMS00058,A,G,CAACACTTTGTACCCCTC,CACTTTGCACCCCTC,GTGACATTTGGAGCCACTGC,0,0
OMS00062,T,C,TTGACCAGCAGATGGTGTA,ACCAGCAGGTGGTGTA,ACCCTGGGAAGGCTACTGTAC,0,0
OMS00064,T,G,CAGGCAACATTTTATATAACTA,CAGGCAACATTTTATCTAACTA,GTGGATATGTAGTTCGATGGAACAGT,0,0
OMS00068,A,G,AATATGCCTCCTTCGTCTC,TATGCCTCCTCCGTCTC,GCACTAACTGGACAACATTTTTAAGAATGA,0,0
OMS00070,T,C,CAAAATACGGAAATGCAG,AAATACGGGAATGCAG,CGTTCCTGCGGGACAGT,0,0
OMS00071,A,G,CTTGTTTGAGCTTTTTCT,TTGTTTGAGCCTTTTCT,CCGGAGTGACCTCACATTTGG,0,0
OMS00072,A,G,TAGAAGGTCCATGTATCTC,AAGGTCCATGCATCTC,GTGGGAGAGCTCGTCTATGG,0,0
OMS00074,T,G,TGAAACAAAACAAATGTTCC,AAACAAAACACATGTTCC,CCTGTTTATTCATCTAAACCAGTTCTTTAAAAT,0,0
OMS00077,C,G,TTCCGGTGGTGAAGTT,CCGGTGCTGAAGTT,AATACCATCTTGAGCTCATTAGTAATTATTCAA,0,0
OMS00078,T,C,TTCACATGCATAAGAGTG,TCACATGCATGAGAGTG,GAGGGAAGCAGCCATAAACAGAATA,0,0
OMS00079,T,C,CTACTTTTCACAGTAACACAG,CTACTTTTCACAGTGACACAG,GTAACATTATGAATCTATCAGTTTCCCTAGCT,0,0
OMS00111,T,C,CAACCAGACTACCATTC,AACCAGACTGCCATTC,CATGCGGACCTGCATAGCT,0,0
OMS00089,A,G,ATGAATCCCAAATAAGAAC,AATCCCAAACAAGAAC,GCACCATTTGAATAAAAAATCTGCTTTGT,0,0
OMS00090,T,C,ACAACCACACAAGATT,AACCACGCAAGATT,AGGGCACAACACCACTCTAAATT,0,0
OMS00101,A,G,CTCTAGTAGCCTTATAGAAAG,CTAGTAGCCTTACAGAAAG,GCGTGTCGTGGGTCAGTTAAATA,0,0
OMS00105,T,G,CTGCTATTCAAATTGCT,CTGCTATTCACATTGCT,ACATTTGAAGTCAGTATGGGTGTTGAG,0,0
OMS00106,T,G,TCTGATGGAAACTTTC,TGATGGCAACTTTC,CGTGTAGCATTCTTGAGGAAGCTT,0,0
OMS00154,A,T,ACAGGGCTTCTGATTGA,AGGGCTTCAGATTGA,GATGTTGGCTGGAGGTGTAGT,0,0
OMS00112,A,T,CCGGTTTCAAGTTTACTTGT,CGGTTTCAAGTATACTTGT,TGGCAGCAAAAGGGATGCA,0,0
OMS00118,T,G,GCGGGGTGTGC[AG]CATT,GCGGGGGGTGC[AG]CATT,GCTTATTTAGAGTGCATGCCAGATG,0,0
OMS00120,A,G,C[GA]CCCACTAAAAC,C[GA]CCCACCAAAAC,GGCAGAAGAGGAGAGAGATATGATTG,0,0
OMS00121,T,C,ACAGCGTGATAAATT,CAGCGTGGTAAATT,GGAAGGAGGTCCAGTGTGAGT,0,0
OMS00132,A,T,CAGCAGTCCTCTGTGTGG,AGCAGTCCTCAGTGTGG,GTTTATGACTCCATTGCCGAAATGATT,0,0
OMS00175,T,C,ATCACTAGTTCAAATACAA,ATCACTAGTTCAGATACAA,TTGCGATATGGGACTGTATACATTTATTCC,0,0
OMS00179,A,C,TGCCTCTTCTCTTTTCTCAT,CCTCTTCTCTTGTCTCAT,GTCATAACAAAATCAGGGCTTTCCAA,0,0
OMS00180,T,G,CTAAAAGTGCATTAAGCC,CTAAAAGTGCCTTAAGCC,GCGCCGAATGGCATTAGG,0,0
Omy_101832-195,A,C,TGTAGTCTTTCAGAGTAGTATG,TAGTCTTTCAGAGGAGTATG,TGGCTCTGGACCTGTTGAGA,0,0
Omy_101993-189,A,T,CTTGATTTGCAGCTTGTCAA,TGATTTGCAGCATGTCAA,ACAAAACACAGTGGAATTACAATTAACGTT,0,0
Omy_102505-102,A,G,AACAGGATGTTTTTGC,CAGGATGCTTTTGC,CTGCAAACTGACATGGTAGCAAAA,0,0
Omy_104519-624,T,C,CAGCAGGATACATCCGACT,AGCAGGATACGTCCGACT,CGTGTGAGTTTGCGGTAAAGAC,0,0
Omy_105105-448,C,T,AAGGAGAATGCATAATC,TGAAAGGAGAATACATAATC,CAATTTGCAAGCAGGGAAAGGTTAT,0,0
Omy_105385-406,T,C,CTTGGAACCATTGCTAC,TTGGAACCGTTGCTAC,GTAACCTACCCTCACCTGAACTTCA,0,0
Omy_105714-265,C,T,CTGTTGTTTGAGGTTCAG,TGTTGTTTGAGATTCAG,CCACTCAGTGCAAGCATGGA,0,0
Omy_107806-34,C,T,ATTGGATGTCAGTGTCATT,ATTGGATGTCAATGTCATT,TCTTTGTCCATGCACATTGATATT,0,0
Omy_108007-193,A,G,ATGTTTTCTCCCTACTTAAC,TTTTCTCCCCACTTAAC,GTGAATACCACCCAGGCTTGT,0,0
Omy_109243-222,A,C,TGTTCATTAAATTGACTTTTT,TTCATTAAATGGACTTTTT,ATGTGCACCTCTTAAATTGTAAGTAAAATGT,0,0
Omy_109894-185,T,C,CTCCCTGATCCCCC,CTCCCTGGTCCCCC,GGGAGGAATTGGAATGACAGATTAAC,0,0
Omy_110064-419,T,G,ACGTTAGCTTTTAATTTC,AACGTTAGCTTTTCATTTC,GTGCAAGGGACCTAGCTAATCC,0,0
Omy_111383-51,C,T,AGCAAGCGCACT[AG]GGT,AGCAAGTGCACT[AG]GGT,CACGCGCAATCTCTCGTTTTAC,0,0
Omy_113490-159,C,T,CATCTGTTTTGGTTTAGC,CATCTGTTTTAGTTTAGC,CATAGTACATTTACAGATAATGTTTTAAAGTGCATGT,0,0
Omy_114315-438,T,G,TTATGGGCTTAAGGGTC,TTATGGGCTTACGGGTC,CCTCACCGATCTAGTCAACTTCATC,0,0
Omy_114587-480,T,G,CCTGTCCAAAATTGT,CCTGTCCACAATTGT,CAGATTACGTTATTACGTTTGGGAAATTTTTAAGT,0,0
Omy_129870-756,C,T,ACAGGTATTTCGTGAAATG,CAGGTATTTCATGAAATG,TCGTTATTTTGCCTCGCGGTA,0,0
Omy_116733-349,C,T,AGAGAATCTGATAGTATTTC,AGAGAATCTGATAATATTTC,GAAATGGACATGCCTACAAATTGCT,0,0
Omy_128923-433,T,C,CTTCATTTTCATTCACTGTTTT,CATTTTCATTCGCTGTTTT,CTATGTCCTTGGCAGAAGTCTACA,0,0
Omy_130524-160,C,G,ATGGCTTGATCCTCA,ATGGCTTCATCCTCA,CGAAGGTAGCGATTGGTCGTT,0,0
Omy_97660-230,C,G,ACGTAACTTGTAGCGTTTT,ACGTAACTTGTACCGTTTT,TCAGTTATGTGTAATCTCATTACCTCTCCAA,0,0
Omy_99300-202,T,A,TCAGGCATGAGAGAAA,ATCAGGCATGTGAGAAA,CAGTTTGACCCGATGGTGTGA,0,0
Omy_aldB-165,C,G,CTAAAATGAACTC[CT]CCACC,CTAAAATGAACTCGCCACC,GGGTTAGGTGGATTTGAAGGAGTAA,0,0
Omy_anp-17,C,A,CTCTCATTGGTATAGTAACC,CTCATTGGTATATTAACC,GGTAATGCCACATGCGGTAAATT,0,0
Omy_arp-630,G,A,CCGCTCCGTCTGCT,CCGCTCTGTCTGCT,CTGCACAACTTGTTTCCTGCTATT,0,0
Omy_b1-266,G,T,TCTATAAACAACATTTTTC,TCTATAAACAAAATTTTTC,TCATGTGAACTTTAATTGACTAGGAAGTCG,0,0
Omy_BAC-B4-324,G,T,CATTGCCAAATACG,TACATTGACAAATACG,CGTACTTTTCTTTTACAAAATTAAGTGGAGGAT,0,0
Omy_ada10-71,C,T,CTTCCTGCGTCCAA,CTTCCTGCATCCAA,TCTTTGAGCGACAAAGTCCTTGT,0,0
Omy_redd1-410,C,T,AAAATATCCTGCAAGGAAT,AATATCCTGCAAGAAAT,GTACTCCCACTAACATACAGTAGACTCA,0,0
Omy_cd59-206,C,T,CAACAATCGAAGGTAAAT,CAACAATCAAAGGTAAAT,CGATTGGCCCAGATGTTTCCAT,0,0
Omy_colla1-525,C,T,CTGTTGGGAGAAGAG,TGTTGGGAAAAGAG,CCTCGGCGTGACAACCT,0,0
Omy_cox1-221,T,A,CGGTAAGACCATTAAAA,CGGTAAGACCATTTAAA,CACTGAACTGTAAGCCATTGTGATT,0,0
Omy_crb-106,G,T,TTGCAATGCGTCTTT,TTGCAATGAGTCTTT,GCTCAAAAAGATTCTGCCAAATTCACA,0,0
Omy_g12-82,T,C,CAAACTCTCAGGATTAG,AAACTCTCGGGATTAG,GATCAATTCGATCGCTCATGAAACTT,0,0
Omy_gluR-79,C,T,CAAGTATTTTGCGTAGGAAT,CAAGTATTTTGCATAGGAAT,GACTGTCTATAGCTATTCTTCTCAAACTGT,0,0
Omy_hsc715-80,C,A,AACTGTATTTGGGAAAAT,ATAAACTGTATTTGTGAAAAT,CCGGTCTACCCTATAGCTGTTG,0,0
Omy_hsf2-146,A,-,ATAATCTACTA,ATAATCTAACA,CCAACAATTGCAGCCTCATCTTAAT,0,0
Omy_IL17-185,G,A,AAGAATCTCACCTGCCCAT,AAGAATCTCACTTGCCCAT,CCACCACACTCTGCAGCTT,0,0
Omy_Il-1b_.028,T,C,CTGAGGCAACTTTTGT,TGAGGCAGCTTTTGT,ACTGTCTGGCTAGAGCACATTG,0,0
Omy_Il1b-198,A,T,GGGAATGAAGCAACAACTA,GGGAATGAAGCTACAACTA,CAAGCAAAATTGACTCCAGCCATTA,0,0
Omy_IL6-320,C,T,CTATAGGAGAGAGGACAACA,ATAGGAGAGAAGACAACA,CGACTGATCTCCTGCAGACATG,0,0
Omy_metA-161,T,G,CAAGTAAGTGGTTATATTCT,CAAGTAAGTGGTTCTATTCT,CGCATGCACCAGTTGTAAGAAAG,0,0
Omy_NaKATPa3-50,A,C,CACTCTGTTTCCTTTCTTT,TCTGTTTCCGTTCTTT,GTTGAGCGTGTTATGGGAAAAGAG,0,0
Omy_txnip-343,T,C,AACTGAAGAGATCTG,AACTGAAGGGATCTG,CCTTCAAACTAACGCATCATAGACATG,0,0
Omy_nkef-241,C,A,CTTCTGTATCATTTTTG,TCTTCTGTATAATTTTTG,AGTGTCATTGATGTCGGCCTATTTT,0,0
Omy_ntl-27,G,A,CAGACAAGAGTACCCCAAGAC,CAGACAAGAGTACTCCAAGAC,GGTGTGTTACTGTAGTTGTGTCCTT,0,0
Omy_Ogo4-212,T,C,CATTTGATGAGACATCTT,ATTTGATGAGGCATCTT,TGAAAGGTTTTATGCAGGTTATTTTCT,0,0
Omy_bcAKala-380rd,G,A,CATACCCATCCTATGTCAG,CATACTCATCCTATGTCAG,TTGCTCTCTTCTGGTTGCCTTA,0,0
Omy_Ots249-227,C,T,CCCTCTGAGAACTAC,CCTCTGAAAACTAC,CTATCTATCTATCTATCTATCTATCTATCTATCTATCTACTTACTGAGA,0,0
Omy_oxct-85,A,T,CATCGCTTATTTATGC,CATCGCTAATTTATGC,CGTCACTGAAACATTACTGTAACATCCA,0,0
Omy_p53-262,T,A,CAAGTAGTATGGAGCTCTAT,AAGTAGTATGGTGCTCTAT,CCCCAACATCCAGTATACAGTTTCA,0,0
Omy_rapd-167,G,T,AAACAATCCCCCCCAAA,AAACAATCCCACCCAAA,CCCAACATGCTCTATTGCAGCTA,0,0
Omy_rbm4b-203,-,T,CACGTTATTATGAAAAGGATGT,ACGTTATTATGAAAAAGGATGT,CTGAAATTTGATGAATGGAAGCTGCA,0,0
Omy_srp09-37,C,T,TTGTGCTATTGACGCCACAG,TTGTGCTATTGACACCACAG,TAGTTGTATTAACTCTTCTTTGAGTCTAGA,0,0
Omy_stat3-273,G,-,CCAGTTTG,TCAGTTTG,CAGACCTCCTCTATCTCCCTATGAG,0,0
Omy_u09-53.469,T,C,TTGCAGCCCTTATTGTG,TTGCAGCCCTTGTTGTG,ACAGCCTGAGCGTTTGCA,0,0
Omy_u09-54-311,C,T,TGGTAATTATTCAACAGATCAGT,TGGTAATTATTCAACAAATCAGT,GTGGCTCCCCAGGAACAAG,0,0
Omy_U11_2b-154,T,C,AATGATACTTTTCAGATTGTAAC,TGATACTTTTCAGGTTGTAAC,GGGAAGCAGAAAAACTGGAAGTT,0,0
Omy_vatf-406,T,C,ATGACTATCCACA,ATGACTGTCCACA,TTGCTTCATTTTGTCATAACCTTGGG,0,0
OMY1011SNP,C,A,CTTTACCTCGAAGACAAT,ACTTTACCTCTAAGACAAT,AGGCTGGTTTGGGATTCACTG,0,0
OMS00041,G,C,CCACTCTATGCCTGCCCT,CACTCTATGCGTGCCCT,GATTCTGTTCCATCCTCTTTCTGTCA,0,0
OMS00103,A,T,CTCCACAGTAATTTTTTTTT,CCACAGTAATTATTTTTT,GAGATCACTGTAGGATTGGCTGTTT,0,0
OMS00116,T,A,CTTTTACATTTTCAATATTCTG,TTTACATTTTCAATTTTCTG,GCCTTTCTCCCATATCACATTCGA,0,0
OMS00127,T,G,CACACACCCAAATGTA,ACACACCCCAATGTA,CACCTTTCTCTCTCTCTCCATCTCA,0,0
OMS00128,T,G,ACTCTCAGAATTAATTATG,CACTCTCAGAATTCATTATG,ATGAAAGAACTCCCAGACACGTATTTT,0,0
OMS00134,A,G,TCTATAGCTGCAGTATATTA,TAGCTGCAGCATATTA,GAAACTGAAATGATCCCATCGTGTT,0,0
OMS00153,T,G,ACAAAATGTAATTTTCC,CAAAATGTCATTTTCC,ACTTTGCACCATAGGCTTGACAT,0,0
OMS00156,A,T,TGTGTGTCCTGCTGTAACA,TGTGTCCTGCAGTAACA,GAGCAGAACACATAGAGGAAAGACT,0,0
OMS00164,T,G,CCAGATTCAATTAAATTTA,CAGATTCAATTCAATTTA,CAGAGGAGAGGAGAGCAAAATACTT,0,0
Omy_1004,A,T,CATGTGATGTTTTTTTGC,ATGTGATGATTTTTGC,GAGAATCGGAGCTAATCTTAGTTATTGTGA,0,0
Omy_101554-306,T,C,TGCTTCTCACATTTTTA,TGCTTCTCACGTTTTTA,GCCTGTATTTCTCCTGTATGTGCAT,0,0
Omy_102867-443,T,G,TTTGGGTACATAATTTTT,TGGGTACATCATTTTT,CATTTGTTTAATTTGATTTGGCACAACTTCA,0,0
Omy_104569-114,A,C,CGCCACTCCGACGCC,CCACGCCGACGCC,CCGAGGCCGACGTGATC,0,0
Omy_107336-170,C,G,CACTCCTGGGTGCAGAA,ACTCCTGCGTGCAGAA,GCCCTCTCACTCATGACATCAAC,0,0
Omy_109525-403,A,G,CCTACACCTCTTTTTTCCACA,CCTACACCTCTTTTCTCCACA,CCTCATTCTCATTGGTGAGTTGTCT,0,0
Omy_110362-585,G,A,CACCGCCCTGCCCGT,CACCGCCTTGCCCGT,GCAGCCAAGATGAACGAAAACTTC,0,0
Omy_110689-148,A,C,CAAATGAACACATTATTTATC,ATGAACACATGATTTATC,GTGTGTGGCAGAGAACTAACTGAT,0,0
Omy_111084-526,A,C,CCAGTGAAATTTATTTTT,CAGTGAAATGTATTTTT,CACCACACCAAGCAACTATTTCATT,0,0
Omy_111666-301,T,A,AGTATAACACAGTAAGACAAT,AGTATAACACAGTTAGACAAT,GGGTGAAAAGAGTGGGACATTTACA,0,0
Omy_112301-202,T,G,AATGCGAAGACAAACT,AATGCGAAGCCAAACT,GTAAACCCTGCCCACATAATTAGGT,0,0
Omy_112820-82,G,A,CGCCGCCAAGTTA,CGCCGCTAAGTTA,CCTTTCCTTTTGCATTTCCTCTACTTATTTATTT,0,0
Omy_114976-223,T,G,ACCGATGGAACAATC,CCGATGGCACAATC,GACAAACAGCACTTCATTGCAGTAA,0,0
Omy_116938-264,A,G,CCTTGTCTCAATTTTTCCTCT,CTTGTCTCAATTTCTCCTCT,GTTCATTCATGTTGAAGTGCGACAT,0,0
Omy_117286-374,A,T,CTTTCCTCATCATACTCTATGG,TCCTCATCATACACTATGG,TGATGTGTTGTTCCTCATGGCTTA,0,0
Omy_117370-400,A,G,CAACTCCAATGAATTAA,AACTCCAACGAATTAA,TGCAAACACAGAGGAAAGGGATTT,0,0
Omy_117540-259,T,G,TGTCACTTCAAAGTTTG,TGTCACTTCAACGTTTG,GGCAGGTTAACACAGTCATCTACTATAAA,0,0
Omy_117815-81,C,T,CTATACGGAGACCAGC,CTATACGGAAACCAGC,CTGCTTTATGCACACCACATTGT,0,0
Omy_118175-396,T,A,CTCTTGCAGACATACCCGTA,CTCTTGCAGACATTCCCGTA,AGGCTTCACACACACATGCA,0,0
Omy_118205-116,A,G,CTACTGAGGCTGAGTGCT,TACTGAGGCCGAGTGCT,CTGCGGTGGGCTACACA,0,0
Omy_118654-91,A,G,TCAGCTTGTCTTGCCGC,CAGCTTGTCCTGCCGC,CAGCGTAGACCGTTTCCTCATTAT,0,0
Omy_120255-332,A,T,ACTATGCCATGAAGTTA,ACTATGCCAAGAAGTTA,GCTAGCTAACATTGAAGGGTGGAAT,0,0
Omy_128693-455,T,C,CACTCAACTGATACCC,CTCAGCTGATACCC,GCCTGCAGGAGAAGGTAGAGTTA,0,1.8
Omy_131460-646,C,T,AATAAAGCAGAATTTGTTACTG,AAAGCAGAATTTATTACTG,GTGAAAAGGAATGGAGGAGTACAGT,0,0
Omy_187760-385,A,T,TCCTTATCCAAAATTATTGTGC,CTTATCCAAAATAATTGTGC,CGGCTATTCTCGCGTAAAAGCT,0,0
Omy_96222-125,T,C,AACTACAACTGTAGCTAATT,CAACTGTGGCTAATT,GTAAGGAACTAATTGGCGCAACATT,0,0
Omy_98683-165,A,C,AGCCAGATACATATTTGT,CCAGATACAGATTTGT,GCCATTGCCAGAGAATTTGGTTAA,0,0
Omy_BAMBI4.238,T,C,CACCGCAATCACCG,ACCGCGATCACCG,CATGATGAGGAGGACCAAGATGAG,0,0
Omy_cyp17-153,C,T,ATACCTGAGTGTCATCG,ATACCTGAGTATCATCG,GCCCTCCAAGTTCCAAGTGAAAA,0,0
Omy_ftzf1-217,A,T,TCATGACGAGTTCTGATTT,TGACGAGTTCAGATTT,ACAGGGATGGGCAACTTTGTT,0,0
Omy_G3PD_2.246,C,T,AGTAAAGCCCATTGTTGAGT,AGTAAAGCCCATTATTGAGT,TCATGTATCAATTAAGGCATTGTCTTGTCT,0,0
Omy_GH1P1_2,C,T,AAACTGTTGAACGGTAGTG,AAACTGTTGAACAGTAGTG,TGCATTTGATGGAAACAAACATAT-TTATAATGTGT,0,0
Omy_gsdf-291,T,C,CATAACCCAGAATTATTA,CATAACCCAGGTTTATTA,GCATGGAACCAGTTCTCTACAAAAG,0,0
Omy_hsp90BA-193,C,T,CCTCCGCGCCTGC,CCTCCGCACCTGC,GGAATCGATGACGACGAAGTGATC,0,0
Omy_MYC_2,T,C,CATAGACTTTTTGACCTTAT,CATAGACTTTTTGGCCTTAT,CGGTTGCAGAACTCTCATGTTTG,0,0
Omy_u09-61.043,A,T,CACTTGGTCCTTTTTCA,CTTGGTCCATTTTCA,TAGTCACATCCATAGTAATACTTCC,0,0
Omy_UBA3b,A,T,TGGAGATAACGCTAACTATT,AGATAACGCAAACTATT,GCCACTCAATGCATGTGTTTTCTAG,0,0
Omy_RAD17632-23,C,T,CATGTGAGACCTTTGCA,CATGTGAGATCTTTGCA,AAGCTCCTGCAGGTCATCTC,0,0
Omy_RAD23577-43,T,C,TCTGGCTCTGTCGGTCT,TCTGGCTCCGTCGGTCT,AATAGGAACCAAGCCCCAGC,0,0
Omy_RAD26080-69,G,A,ATTAGTAGCATCATCGAG,ATTAGTAACATCATCGAG,TGTGGGACAGCACATACTCC,0,0
Omy_RAD29700-18,C,A,ACAATTCAAATGATTTA,ACAATTAAAATGATTTA,AATGGAATTGGCCCCAACCC,0,0
Omy_RAD36848-7,G,A,TGCAGGGACACCACCCT,TGCAGGAACACCACCCT,CGAGGACGTTCATAGGGAGC,1,0
Omy_RAD38269-10,C,A,TGCAGGCGCCCGGCCCGC,TGCAGGCGCACGGCCCGC,AAGCCACACCGTTCAACTGA,0.5,0
Omy_RAD43612-42,T,C,AAATGTGTATTTGTGTA,AAATGTGCATTTGTGTA,GTGGAGAGGGATTTTGGGGG,0,0
Omy_RAD45104-18,A,G,CAAGACACCGCACACAG,CAAGACGCCGCACACAG,TGGTGCTTCAGTGCTGTCAA,0,0
Omy_RAD47444-53,C,T,GGCGAGCTTGGCCCAAA,GGCGAGTTTGGCCCAAA,GTCGTCTGGAGGAGCTGAAG,0,0
Omy_RAD48799-69,A,G,CATCCTAGAATAGAAGT,CATCCTGGAATAGAAGT,GCTGAGCCACCTACACACAG,0,0
Omy_RAD52812-28,C,G,CAACCTC[TC]ATTCCACAT,CAACCTG[TC]ATTCCACAT,AGGAGTCCTGTCCCATGTCA,0,0
Omy_RAD58213-70,A,T,TTTTTT[TA]AAAATATACT,TTTTTT[AT]TAAATATACT,CCTGATGGGTGCTCTTCTCTC,0,0
Omy_RAD58835-15,G,T,ATAGCTGCTGGGACCCA,ATAGCTTCTGGGACCCA,GTCTGCTAAGGTCCTGCAGG,0,0
Omy_RAD62596-38,A,T,TTAAAAAATATATATTA,TTAAAATATATATATTA,GCAGGACACTGGTTCCCAAA,0.5,0
Omy_RAD66834-17,C,T,TCTGGCTGACACCTTTA,TCTGGTTGACACCTTTA,CTCCTGCAGGTCATCTCTGG,0,0
Omy_RAD69583-33,C,T,CCGGAGACATT[CT]CGCGT,CCGGAGATATT[CT]CGCGT,GACTCTAGACTGCTCCCTGC,0,1
Omy_RAD7210-8,C,A,TGCAGGACTTGCTTTGT,TGCAGGAATTGCTTTGT,ACACCACACTCCACAAAGCA,0,0
Omy_RAD74691-49,A,G,ACTGTGGATTTGCACAA,ACTGTGGGTTTGCACAA,CATCTCAGATCAGCCACCCG,0,3
Omy_RAD77789-54,T,C,TAAATTATATTTGACAG,TAAATTACATTTGACAG,AGACAAAACCTGCAGGGGAC,0,0
Omy_RAD88122-32,G,A,GCTGTGGAGATCAT[CT]CG,GCTGTGGAAATCAT[CT]CG,TCAGTGGATGGAGTGTCCCT,0,0
Omy_RAD16104-20,A,G,AGGGCAAAG[AT]CAAAGG,AGGGCAAGG[AT]CAAAGG,ATTCCAAAACCTGCAGGGGT,0,0
Omy_RAD35417-9,G,A,TGCAGGACGTGCTTTGT,TGCAGGACATGCTTTGT,GCACTTGACCACATAGCTGG,0,0
Omy_RAD42793-59,T,C,CAGAGAATGCCAACAGA,CAGAGAACGCCAACAGA,CACGGCTAGTGGCATGTACC,0,0
Omy_RAD47955-51,G,T,TTGGAATAGAATCTATA,TTGGAATATAATCTATA,AGTGTGCTAGAATGGGCCTG,0,0
Omy_RAD66218-58,T,C,CTTGGAGTGTGTTGGTA,CTTGGAGCGTGTTGGTA,CTGTGCAGGGAGACAGCTAG,0,0
Omy_RAD73204-63,G,C,GTGCCCGCTCTCCACCG,GTGCCCCCTCTCCACCG,CCTGGGCAATGACCTCCAC,0,0
Omy_RAD76882-63,A,T,CAAATGAAAACTATGTA,CAAATGAAATCTATGTA,GGTGGGGGCAAACTCAGTA,0,0
Omy_RAD88028-7,G,A,TGCAGGGGCTGG,TGCAGGAGCTGG,TAGCCCAGTTCGGTTCCAAC,0,0
Omy_RAD116-59,T,C,CCACAATGTCAAC,CCACAACGTCAAC,GGAAGAAGTGAGAGCCCTGG,0,0
Omy_RAD1919-22,A,G,CAGGGAGGAGG,CAGGGGGGAGG,CAGGTCACAGACACACAGGG,0,0
Omy_RAD2277-7,G,T,TGCAGGTGCTGGCT,TGCAGGTTCTGGCT,CATCTGTCCAAACCTGCAGG,0,0
Omy_RAD3651-48,G,T,GTTGGGAGAACTTT,GTTGGGATAACTTT,GAGTACAGTGCAGTGTGGGG,0,0
Omy_RAD3926-22,T,C,TTCACTTTTCCCTG,TTCACTTCTCCCTG,CGTTCCTGCAGGCTTTTCAC,0,0
Omy_RAD4848-14,G,T,GAGACAAGGACAGA,GAGACAATGACAGA,TGTCCCTCTTCTGCACGATG,0,0
Omy_RAD5374-56,A,C,AGAGGGAAAGAGAG,AGAGGGACAGAGAG,GCTGTTACCGTGTGATGTTGA,0,0
Omy_RAD9004-13,G,A,TCATCTGAAGGGGG,TCATCTAAAGGGGG,TATACCACGCCTTCCCTGGA,0,0
Omy_RAD10733-10,A,G,AGGGTGAAGAACTG,AGGGTGAGGAACTG,TATAGACCCCCTGCCAGTCA,0,0
Omy_RAD10945-51,T,A,AATGCGCTTTAACG,AATGCGCATTAACG,GCAGGCGTTCCATTTGGATG,0,0
Omy_RAD12566-14,C,T,ATGTAAACAAATTG,ATGTAAATAAATTG,GTGGACATTCCTGCAGGGAT,0,0
Omy_RAD13499-13,T,C,CGCCCTGTCCGCCA,CGCCCTGCCCGCCA,GTTCACCTGACGACCAAGGT,0,0
Omy_RAD14033-46,A,G,ATAGAGGAATAGAC,ATAGAGGGATAGAC,GCAGGAGATTTATTTGGCCCC,0,0
Omy_RAD19578-59,A,G,GGTTAAGAGTATTC,GGTTAAGGGTATTC,GGTTGGACACCTCCTGGTTA,0,1.25
Omy_RAD22123-69,T,C,CCAAAGATGTCAGA,CCAAAGACGTCAGA,TGGGAAAGCATAGGAGGGGA,0,0
Omy_RAD26691-36,A,G,TCTCCTAACAGAAC,TCTCCTAGCAGAAC,TGCAGGAAACCGTCAATCTACA,0,0
Omy_RAD27740-55,A,T,TAACTTTAAAAAAA,TAACTTTTAAAAAA,TCGGCCTGTACTAGTCTCACT,0,0
Omy_RAD29559-69,G,T,CTGGCTTGTATATC,CTGGCTTTTATATC,TGGGCATCAGAGGCATCAAG,0,0
Omy_RAD30230-25,C,T,ACGTGTGCTGTAGC,ACGTGTGTTGTAGC,ATGCTTTCCCTGCAGGTTGT,0,0
Omy_RAD30392-17,T,C,CTGAGACTGTGTGT,CTGAGACCGTGTGT,CCACTACTCACAGACCTGCA,0,0
Omy_RAD31079-58,G,T,CGATCAGGGCCCTA,CGATCAGTGCCCTA,CGCGCAAACTGCAGTGATAG,0,0
Omy_RAD31408-67,T,C,ACAGAATGCAGAAA,ACAGAACGCAGAAA,CAACCCTGCAGGCTACAGAA,0,0
Omy_RAD33798-24,T,C,GAGTCTATCAAGAT,GAGTCTACCAAGAT,CAGGAGGGTCAAGTGGAGTC,1.5,0
Omy_RAD35005-13,C,T,CCAACTCCCGACGG,CCAACTCTCGACGG,TGGTCAAAGTTGAGGGTGGT,0,0
Omy_RAD36952-53,C,A,AGGACATCTTCATC,AGGACATATTCATC,TGTACGTCATTGGGGCTGAG,0,0
Omy_RAD37492-53,G,T,GTGGCTTGTTAGGT,GTGGCTTTTTAGGT,AGTTAGACCGGAGCCGTCT,0,0
Omy_RAD39156-33,T,C,ACCGTAATGGAGAG,ACCGTAACGGAGAG,GGGTGTGACATGTGTGCAGA,0,0
Omy_RAD40132-55,A,C,TCTGTGCAGTCCTC,TCTGTGCCGTCCTC,TGCAGGGCCTGTATATTGCT,0,0
Omy_RAD40520-48,T,G,GTCAGATTGCGCTG,GTCAGATGGCGCTG,TGTTCATCTGATCAGCTGTCAG,0,0
Omy_RAD42465-32,G,T,CCAGGCTGGAAGAA,CCAGGCTTGAAGAA,GTGGATCTTGGACTCCAGGC,0,0
Omy_RAD45246-10,G,A,AGGTAGAGAATATC,AGGTAGAAAATATC,GCCAACAAACATTGCAGCCT,0,2
Omy_RAD46452-51,A,G,TGAAGTCAGAAGTT,TGAAGTCGGAAGTT,TGCAGGTAAGACTTGATCTGGA,0,0
Omy_RAD49637-74,C,G,CGGCTGGCTCCGGC,CGGCTGGGTCCGGC,TGGGGAACGGTCATTGGATC,0,0
Omy_RAD54441-29,T,G,AGGCGGGTGCTGAG,AGGCGGGGGCTGAG,TGTCTGAGGAGGAGAGGCG,0,0
Omy_RAD55404-54,C,T,ATTGTTTCTGAAGG,ATTGTTTTTGAAGG,GCAGGGTGTCCACTACAGAC,0,0
Omy_RAD55997-10,A,C,AGGCTGCAATGTTT,AGGCTGCCATGTTT,CATTTTCTACCTGCAGGCTGC,0,0
Omy_RAD59758-41,T,C,TGATTGCTACTGAC,TGATTGCCACTGAC,GGCCCCCTTCTTTCAGGAAT,0,0
Omy_RAD60135-12,C,G,GAACATACCGGAAC,GAACATAGCGGAAC,AGCATACACACCTGCAGGAA,0,0
Omy_RAD65808-68,T,G,ATCGGGATTCACTT,ATCGGGAGTCACTT,TCCTTCACTCTCGATCGGGA,0,0
Omy_RAD66402-36,T,C,AACCACTTCTCTG,AACCACCTCTCTG,GGTGTGATACCTCAGAGCTCTG,0,1.5
Omy_RAD68634-40,A,C,CCTCTAAACTGAAT,CCTCTAACCTGAAT,TGCAGGACTCCTTTGAAACGT,0,0
Omy_RAD72528-44,A,T,TTGGAACAAACTGT,TTGGAACTAACTGT,TGATGATCCGGACCCTCTCT,0,0
Omy_RAD76570-62,T,G,AGAGGTGTTCTGGT,AGAGGTGGTCTGGT,GCAGGTAGGTAGGAAGGAAAGC,0,0
Omy_RAD78147-27,C,T,CAAAGTCCCAGAGA,CAAAGTCTCAGAGA,GCATTTTAGCCCTCCCAAAGTC,0,2.75
Omy_RAD78502-57,T,G,GGAAATATCACACA,GGAAATAGCACACA,GAGAGGCATCCTGTCTAGGG,0,0
Omy_RAD78776-10,T,C,GGGTAATCCTGGCT,GGGTAACCCTGGCT,CACAGCTTCCTGCAGGGTAA,0,0
Omy_RAD85131-35,T,C,GATGGTATGGTGAG,GATGGTACGGTGAG,TTCAATAACTACAGGCAGATGGT,0,0
Omy_RAD92485-64,T,A,GTGTAGATATACAT,GTGTAGAAATACAT,CCAGTCAGTCTTGCCTCAGG,0,0
Omy_RAD98715-53,T,G,CAGGACTTCTCCCC,CAGGACTGCTCCCC,CGTAACGGGGAGCTGATCTG,0,1.75
Omy_RAD103359-45,C,T,CCTGTAACGCACAG,CCTGTAATGCACAG,GGAGAAGGATGTGCTCCCTG,0,0
Omy_RAD366-7,C,A,CAGGACTTGCTTTT,CAGGAATTGCTTTT,ACCAAATTAGAGCCTGCAGGA,0,0
Omy_RAD619-59,T,C,TGCTGGATCCCCCA,TGCTGGACCCCCCA,CATGGAGAAACAGACCCGCT,0,0
Omy_RAD739-59,C,G,GAGTTGGCTATTTT,GAGTTGGGTATTTT,ACGAGGCTTGTAAATGCAGT,0,0
Omy_RAD1186-59,A,G,CCAGGACATCCAGG,CCAGGACGTCCAGG,CACAGCCTGGATGTGGTTCT,0,0
Omy_RAD1751-18,T,G,GGAGGTGTACACCT,GGAGGGGTACACCT,TCCATGTTCCTGCAGGAGTG,0,0
Omy_RAD2567-8,A,T,GCAATGGGCTATTT,GCATTGGGCTATTT,CTGTCTGGATAGCCTTGCCC,0,0
Omy_RAD2976-26,G,A,CAGCTGGGTTGAGA,CAGCTGGATTGAGA,AGGACTGTGATCCTCTCAGCT,0,0
Omy_RAD3209-10,A,G,CGGTATCCCTGGC,CGGTGTCCCTGGC,CGGAGGAGTTTGAGCAGTCT,0,0
Omy_RAD7016-31,C,A,ATAATTTCATTTAA,ATAATTTAATTTAA,GCAGGAATATTCACTGTTGCCA,0,0
Omy_RAD9408-71,G,T,GCCAGGGGGACAGG,GCCAGGGTGACAGG,TGCACATATGGCGGGGAAAT,0,0
Omy_RAD12439-64,G,A,CTTCTCCGATGTCA,CTTCTCCAATGTCA,GGAACTTTTCACATCATGTTGACTG,0,0
Omy_RAD13073-16,G,A,AAAGGGGACATTACG,AAAAGGGACATTACG,GTGAGGGATCACACCTGCAG,0,0
Omy_RAD14269-30,C,T,TAGAGTACGACCCT,TAGAGTATGACCCT,TGCAGGTTCATTCTCTACAACAGT,0,0
Omy_RAD14541-72,A,T,CTTATAGAGTTTTA,CTTATAGTGTTTTA,ACGCAACGTGACGGTCTTAT,0,0
Omy_RAD15709-53,G,A,ATGCAAGGCTTAAA,ATGCAAGACTTAAA,TGCAGGACTTGGATAACACAGA,0,0
Omy_RAD17849-16,G,C,AGACGGACTCCCC,AGACCGACTCCCC,GACTCCACAGCCTACATGGG,1.25,0
Omy_RAD19340-24,A,G,CATGGAAATACATA,CATGGAGATACATA,GCAGGGAGCAGCATATACATG,0,0
Omy_RAD20917-11,T,C,AGGTTGCGAGGTC,AGGTCGCGAGGTC,CGTTGTCGTCTCCAATCAGGA,0,0
Omy_RAD23354-66,A,C,AGCCTGAATGAGGT,AGCCTGACTGAGGT,CTGCTAGTCAAGTCCACCGG,0,0
Omy_RAD24287-74,A,G,GGTCACTACCTCCC,GGTCACTGCCTCCC,ATTGTCTGTCTGCCGAGGTG,0,0
Omy_RAD24343-29,A,G,TAGAAATACAAGCA,TAGAAATGCAAGCA,TGCAGGCAAGATTGGTAGACT,0,0
Omy_RAD25042-68,G,T,AATTTCTGCCCAAA,AATTTCTTCCCAAA,GCTGCTGAAACTGGTTTGCA,0,0
Omy_RAD25266-23,G,T,GCAGGGGTAGATACC,GCAGGTGTAGATACC,TTTGAGAGTGGTGCCTGCAG,0,0
Omy_RAD25907-57,T,C,TCCTTCATGCCAGC,TCCTTCACGCCAGC,TCGTAATCGCTCCTCCTTCA,0,0
Omy_RAD28236-38,T,C,ATCTGTCTTCGTGC,ATCTGTCCTCGTGC,GGCACACATCTGTCCCGTAG,0,0
Omy_RAD29352-6,A,G,GAGAGTAAATA,GGGAGTAAATA,TGTGAGAAAGCGCCTCAAGA,0,0
Omy_RAD30243-74,C,G,GGACCGGCCCTCTA,GGACCGGGCCTCTA,TCTTCTTTCTCCTGCCCCAG,0,0
Omy_RAD32139-58,G,A,TCGACATGACCTGA,TCGACATAACCTGA,GCAGGAAACAGGTACAAAGGA,0,0
Omy_RAD33122-47,G,C,CCACAGGGTGGTGC,CCACAGGCTGGTGC,CAGGCTTTGTGGACATGTGC,0,0
Omy_RAD35149-9,G,A,GCGCGCTTATGTC,GCGCACTTATGTC,GAGTCAATAGAGCCCCCTGC,0,0
Omy_RAD37816-68,A,T,GCGGCGTAAAAATG,GCGGCGTTAAAATG,CTCATTCCCTGGCCGTCTG,0,0
Omy_RAD38406-19,T,A,AGGCTTTATATGGCC,AGGCATTATATGGCC,CTGCAGGGGTATTAGGAGGC,0,0
Omy_RAD40641-58,T,C,AGTGATATCAAGTG,AGTGATACCAAGTG,GGCAAACTGGCTTGTGAGTG,0,0
Omy_RAD41594-34,A,G,CAGAGATACGTTCC,CAGAGATGCGTTCC,TGCAGGGTTATAATGTGTCTTTGT,0,0
Omy_RAD43573-37,A,G,GAAAGAGAGAGTTT,GAAAGAGGGAGTTT,TGCAGGGAACGATGAAACCA,0,0
Omy_RAD43694-41,A,C,AGGGAAGAGCGGAG,AGGGAAGCGCGGAG,CCCCTCTCCCTGGCTAGAAT,0,0
Omy_RAD46672-27,C,G,GTGGTAGCCCATCA,GTGGTAGGCCATCA,TGCAGGAGGTCTTTTTCCTTGT,0,0
Omy_RAD49111-35,T,C,TTTCTTATATTTGA,TTTCTTACATTTGA,GCAGGCTTAGCATTGCTGAC,0,0
Omy_RAD49827-67,A,G,TGTCTTCAGATGCC,TGTCTTCGGATGCC,CCTGTGGTCCAACTCAGAGAC,0,0
Omy_RAD50632-21,C,T,TCAGCACCTCCAGCC,TCAGTACCTCCAGCC,CCTGCAGGCTGGGTCATTAT,0,0
Omy_RAD57916-29,A,C,CAGGGGCAAAACGG,CAGGGGCCAAACGG,GCAGGGCCTTAGAAACAGACT,0,0
Omy_RAD59950-44,G,A,GGAGGGGAAGGG,GAAGGGGAAGGG,GGAGCTCATATCGCCGATGG,0,0
Omy_RAD65959-69,G,A,TTTTGTCGTTCCTT,TTTTGTCATTCCTT,ACATTTTGGTGTTAACAACCCTGT,0,0
Omy_RAD73963-73,T,A,TTTCTTTTGGA,TTTCTATTGGA,CCCTCTCAGGAAAGTGACCAC,0,0
Omy_RAD76060-20,C,T,GGGCGCTGTAGGCAA,GGGTGCTGTAGGCAA,TGCAGGGTGTCAGTATTGGG,0,0
Omy_RAD86706-72,C,T,TACGTTTCATTTCT,TACGTTTTATTTCT,TTCCCTGTAACTGTCACGCC,0,0
Omy_RAD93580-37,T,G,AGTCACCTGGGATT,AGTCACCGGGGATT,AGGCAGAGGAGGGTTGTTTG,0,0
Omy_RAD23894-58,A,T,GTGGATTAGGGG,GTGGATTTGGGG,TGCAGAAAGGCTGTGTGGAT,0,0
Omy_RAD18903-48,A,G,AGGAGACACCA,AGGAGGCACCA,GGGGATGAGTTCTTCGGTGG,0,0
Omy_RAD79314-58,C,T,AGACCTTGTC,AGACTTTGTC,CACACTGACTCATCCCTCGC,0,0
Omy_RAD7384-50,T,C,GCCTCTGGCAG,GCCTCCGGCAG,GACACGCCCTCAGCCAG,0,0
Omy_RAD46314-35,A,G,TAGCAATGGT,TAGCGATGGT,ACTGCATCTTTTCCCCTGCA,0,0
Omy_RAD13034-67,A,C,ATAAATCACAA,CTAAATCACAA,GAGTGATTCCCAGCCCTCC,0,0
Omy_RAD43117-55,A,G,CCTCTAACACATT,CCTCTGACACATT,CGGTCACCAGTTGAACCTGT,0,0
Omy_RAD30619-61,T,A,CACTGTTAAA,CACTGTAAAA,CTGCAGGTCAATGGGTGCTA,0,0
Omy_RAD52458-17,C,A,ATGGCCCC[CT]AAGAACCC,ATGGCCCA[CT]AAGAACCC,ACGTGTCCCTGAGGATGGTA,0,0
Omy_GREB1_05,T,G,CGGTGGCTCTC,CGGTGGCTCGC,TGGGCAGATATGGAAGAACGG,0,0
Omy_GREB1_09,T,G,TCAATGGAGA,TCAAGGGAGA,CCAGTGGCAACCTCAGGTAG,0,0
Chr28_11607954,G,A,TGTGGGCTGCGAACATACTCA,TGTGGGCTGCAAACATACTCA,TGACACTGATCACAATGGTGAAAT,0,0
Chr28_11625241,A,G,CCTCCTCCCTATGGTTGTCTC,CCTCCTCCCTGTGGTTGTCTC,CAACATTTAGGGAGAGGTTGCTAT,0,0
Chr28_11632591,G,A,TGAGAAGAACACAGAGG,TGAGAAAAACACAGAGG,GTAGAGGCCAAAGGCTTGAG,0,0
Chr28_11658853,A,C,TGGTACAGACACGCACTAGCA,TGGTACAGACCCGCACTAGCA,CAACATATGACCACTCGAAAACTC,0,0
Chr28_11667578,T,C,GTATTGATCCTGTGGGAGACA,GTATTGATCCCGTGGGAGACA,ACAGTAAACCCATTCAGGCATAGT,0,0
Chr28_11671116,C,T,CTGGTGAGAACAGGAATTACC,CTGGTGAGAATAGGAATTACC,AATTTCCCCAAATTTGAAACTCTT,0,0
Chr28_11676622,T,G,ACATGTCATTTATTGTTATCT,ACATGTCATTGATTGTTATCT,CGAATGCACTGTAGCTCATTCTAA,0,0
Chr28_11683204,G,T,ATGTAAAAAAGGGCAGAAAA,ATGTAAAAAATGGCAGAAAA,CAAGAAAGAAACAGATGTTGTCCA,0,0
Chr28_11702210,T,G,GTGGTGGCATTTCTGGTGT,GTGGTGGCATGTCTGGTGT,CGATCCAGAGTATAACAAACATGC,0,0
Chr28_11773194,A,T,GCAATTTTTTAAAATTACCGC,GCAATTTTTTTAAATTACCGC,AGTTTGACACCCCTGTACTAGAGC,0,0
OmyR19198Pearse,G,A,ATTTAGCAGGAGGCCTCTCCA,ATTTAGCAGAAGGCCTCTCCA,TCATTACCTACGCAGTGGAG,0,0
OmyR33562Pearse,A,G,GTGGTTACAAAGGGTCTGCA,GTGGTTACAAGGGGTCTGCA,GGTGACTGAGCTGGATGT,0,0
OmyR14589Pearse,T,A,ATCCCTGTTATCTAATCATT,ATCCCTGTAATCTAATCATT,GTAACCATGACATCCACCAATC,0,0
OmyR24370Pearse,G,A,TAAGACTTGGCATAAGCATG,TAAGACTTAGCATAAGCATG,CAGGAGTAATGCATCCCAATG,0,0
OmyR40252Pearse,T,A,AATGCTATATTGAACCTTAA,AATGCTAAATTGAACCTTAA,ACTCTGAATTCCTCAGGCTT,0,0
OmyR40319Pearse,C,T,TGCAAGTGC[TA]GCCCTTTTAT,TGCAAGTGC[TA]GCCTTTTTAT,AAAGATTGCTGCGATGTCTAAT,0,0
Oki120255-113,G,A,GGGTAGCTTCATGGCATA,GGGTAACTTCATGGCATA,ATTGAAGGGTGGAATTGAAGTTAGCT,0,0
,,,,,,,
,,,,,,,
,,,,,,,
,,,,,,,
,,,,,,,
,,,,,,,
,,,,,,,
,,,,,,,
,,,,,,,
,,,,,,,
,,,,,,,
,,,,,,,
,,,,,,,
,,,,,,,
,,,,,,,
,,,,,,,
,,,,,,,
,,,,,,,
,,,,,,,
,,,,,,,
,,,,,,,
,,,,,,,
,,,,,,,
,,,,,,,
,,,,,,,
,,,,,,,
,,,,,,,
,,,,,,,
,,,,,,,
,,,,,,,
,,,,,,,
,,,,,,,
,,,,,,,
,,,,,,,
,,,,,,,
,,,,,,,
,,,,,,,
,,,,,,,
,,,,,,,
,,,,,,,
,,,,,,,
,,,,,,,
,,,,,,,
,,,,,,,
,,,,,,,
,,,,,,,
,,,,,,,
,,,,,,,
,,,,,,,
,,,,,,,
,,,,,,,
,,,,,,,
,,,,,,,
,,,,,,,
,,,,,,,
,,,,,,,
,,,,,,,
,,,,,,,
,,,,,,,
,,,,,,,
,,,,,,,
,,,,,,,
,,,,,,,
,,,,,,,
,,,,,,,
,,,,,,,
,,,,,,,
,,,,,,,
,,,,,,,
,,,,,,,
,,,,,,,
,,,,,,,
,,,,,,,
,,,,,,,
,,,,,,,
,,,,,,,
,,,,,,,
,,,,,,,
,,,,,,,
,,,,,,,
,,,,,,,
,,,,,,,
,,,,,,,
,,,,,,,
,,,,,,,
,,,,,,,
,,,,,,,
,,,,,,,
,,,,,,,
,,,,,,,
,,,,,,,
,,,,,,,
,,,,,,,
,,,,,,,
,,,,,,,
,,,,,,,
,,,,,,,
,,,,,,,
,,,,,,,
,,,,,,,
,,,,,,,
,,,,,,,
,,,,,,,
,,,,,,,
,,,,,,,
,,,,,,,
,,,,,,,
,,,,,,,
,,,,,,,
,,,,,,,
,,,,,,,
,,,,,,,
,,,,,,,
,,,,,,,
,,,,,,,
,,,,,,,
,,,,,,,
,,,,,,,
,,,,,,,
,,,,,,,
,,,,,,,
,,,,,,,
,,,,,,,
,,,,,,,
,,,,,,,
,,,,,,,
,,,,,,,
,,,,,,,
,,,,,,,
,,,,,,,
,,,,,,,
,,,,,,,
,,,,,,,
,,,,,,,
,,,,,,,
,,,,,,,
,,,,,,,
,,,,,,,
,,,,,,,
,,,,,,,
,,,,,,,
,,,,,,,
,,,,,,,
,,,,,,,
,,,,,,,
,,,,,,,
,,,,,,,
,,,,,,,
,,,,,,,
,,,,,,,
,,,,,,,
,,,,,,,
,,,,,,,
,,,,,,,
,,,,,,,
,,,,,,,
,,,,,,,
,,,,,,,
,,,,,,,
,,,,,,,
,,,,,,,
,,,,,,,
,,,,,,,
,,,,,,,
,,,,,,,
,,,,,,,
,,,,,,,
,,,,,,,
,,,,,,,
,,,,,,,
,,,,,,,
,,,,,,,
,,,,,,,
,,,,,,,
,,,,,,,
,,,,,,,
,,,,,,,
,,,,,,,
,,,,,,,
,,,,,,,
,,,,,,,
,,,,,,,
,,,,,,,
,,,,,,,
,,,,,,,
,,,,,,,
,,,,,,,
,,,,,,,
,,,,,,,
,,,,,,,
,,,,,,,
,,,,,,,
,,,,,,,
,,,,,,,
,,,,,,,
,,,,,,,
,,,,,,,
,,,,,,,
,,,,,,,
,,,,,,,
,,,,,,,
,,,,,,,
,,,,,,,
,,,,,,,
,,,,,,,
,,,,,,,
,,,,,,,
,,,,,,,
,,,,,,,
,,,,,,,
,,,,,,,
,,,,,,,
,,,,,,,
,,,,,,,
,,,,,,,
,,,,,,,
,,,,,,,
,,,,,,,
,,,,,,,
,,,,,,,
,,,,,,,
,,,,,,,
,,,,,,,
,,,,,,,
,,,,,,,
,,,,,,,
,,,,,,,
,,,,,,,
,,,,,,,
,,,,,,,
,,,,,,,
,,,,,,,
,,,,,,,
,,,,,,,
,,,,,,,
,,,,,,,
,,,,,,,
,,,,,,,
,,,,,,,
,,,,,,,
,,,,,,,
,,,,,,,
,,,,,,,
,,,,,,,
,,,,,,,
,,,,,,,
,,,,,,,
,,,,,,,
,,,,,,,
,,,,,,,
,,,,,,,
,,,,,,,
,,,,,,,
,,,,,,,
,,,,,,,
,,,,,,,
,,,,,,,
,,,,,,,
,,,,,,,
,,,,,,,
,,,,,,,
,,,,,,,
,,,,,,,
,,,,,,,
,,,,,,,
,,,,,,,
,,,,,,,
,,,,,,,
,,,,,,,
,,,,,,,
,,,,,,,
,,,,,,,
,,,,,,,
,,,,,,,
,,,,,,,
,,,,,,,
,,,,,,,
,,,,,,,
,,,,,,,
,,,,,,,
,,,,,,,
,,,,,,,
,,,,,,,
,,,,,,,
,,,,,,,
,,,,,,,
,,,,,,,
,,,,,,,
,,,,,,,
,,,,,,,
,,,,,,,
,,,,,,,
,,,,,,,
,,,,,,,
,,,,,,,
,,,,,,,
,,,,,,,
,,,,,,,
,,,,,,,
,,,,,,,
,,,,,,,
,,,,,,,
,,,,,,,
,,,,,,,
,,,,,,,
,,,,,,,
,,,,,,,
,,,,,,,
,,,,,,,
,,,,,,,
,,,,,,,
,,,,,,,
,,,,,,,
,,,,,,,
,,,,,,,
,,,,,,,
,,,,,,,
,,,,,,,
,,,,,,,
,,,,,,,
,,,,,,,
,,,,,,,
,,,,,,,
,,,,,,,
,,,,,,,
,,,,,,,
,,,,,,,
,,,,,,,
,,,,,,,
,,,,,,,
,,,,,,,
,,,,,,,
,,,,,,,
,,,,,,,
,,,,,,,
,,,,,,,
,,,,,,,
,,,,,,,
,,,,,,,
,,,,,,,
,,,,,,,
,,,,,,,
,,,,,,,
,,,,,,,
,,,,,,,
,,,,,,,
,,,,,,,
,,,,,,,
,,,,,,,
,,,,,,,
,,,,,,,
,,,,,,,
,,,,,,,
,,,,,,,
,,,,,,,
,,,,,,,
,,,,,,,
,,,,,,,
,,,,,,,
,,,,,,,
,,,,,,,
,,,,,,,
,,,,,,,
,,,,,,,
,,,,,,,
,,,,,,,
,,,,,,,
,,,,,,,
,,,,,,,
,,,,,,,
,,,,,,,
,,,,,,,
,,,,,,,
,,,,,,,
,,,,,,,
,,,,,,,
,,,,,,,
,OmyR14589Pearse,,,,,,
,OmyR19198Pearse,,,,,,
,OmyR24370Pearse,,,,,,
,OmyR33562Pearse,,,,,,
,OmyR40252Pearse,,,,,,
,OmyR40319Pearse,,,,,,