SACO_RAD_10990,C,T,ACAACTGCGGGAAAT,ACAACTGTGGGAAAT,GGTTGGTTTGTTGTGATTGA,0,0
SACO_RAD_11131,T,A,AGGCCGGTTGGACGT,AGGCCGGATGGACGT,TGGTTACACGTGGGTTATGA,0,0
SACO_RAD_11453,G,A,AGGGGCCGGCTCTGC,AGGGGCCAGCTCTGC,CTGCAGGGTCTCTGACG,0,0
SACO_RAD_13398,G,T,GAAGTATGCCATTGA,GAAGTATTCCATTGA,GCCCAATTTCTGAGTGTCTT,0,0
SACO_RAD_13589,C,T,TCTTTC?CCAAGTTAA,TCTTTC?CTAAGTTAA,GGCTGCAGAGAGAGAATCAT,0,0
SACO_RAD_15737,C,T,CCGAGACCCCACCCC,CCGAGACTCCACCCC,CAAAGCTCCACATCCACATA,0,0
SACO_RAD_17716,A,G,TCTTGACATCGCGGC,TCTTGACGTCGCGGC,CTTCCTCAGCGTCTCCAC,0,0
SACO_RAD_18735,C,T,ACTACGACGAGGACA,ACTACGATGAGGACA,GCAGGTATACGGACCTCAAT,0,0
SACO_RAD_18915,C,G,GGAGTGCCATACTGA,GGAGTGCGATACTGA,TTGGTTCTTCAACCAGGTCT,0,0
SACO_RAD_18958,T,C,TAGGCTATATCTCCC,TAGGCTACATCTCCC,CTTAGGGACCTGGAGGTAGG,0,0
SACO_RAD_19200,T,A,CCAATCTTCTGGTCG,CCAATCTACTGGTCG,GGCATTCGTTTTTACGCTAT,0,0
SACO_RAD_19303,A,T,AAACTTAATTTGAAA,AAACTTATTTTGAAA,ACGTCCACCAAAGCCTATTA,0,0
SACO_RAD_19319,C,A,ATACCAGCGCAAACA,ATACCAGAGCAAACA,AGTTACAACAGGGACCAAGC,0,0
SACO_RAD_20371,T,G,TGGTGTCTGAGGCGG,TGGTGTCGGAGGCGG,TACTGAGGAGTTTGCGGTGT,0,0
SACO_RAD_23139,T,G,TCCCAGGTCTTCTGC,TCCCAGGGCTTCTGC,CCTGCAGGACAAGCTAAAG,0,0
SACO_RAD_26505,C,G,TGTAAATCCTGACTA,TGTAAATGCTGACTA,CCTGCAGGTATGATTTCTGT,0,0
SACO_RAD_28478,T,C,TTCATTTTCTCTGTC,TTCATTTCCTCTGTC,GGAAGGAGTCATCTCTGAGC,0,0
SACO_RAD_28959,C,T,CTCTAACCACCCATA,CTCTAACTACCCATA,GCAGGCCTAATACAAAATGG,0,0
SACO_RAD_29372,G,T,GATACAGGGGTGACC,GATACAGTGGTGACC,TCCACCTGAGTGGACAGTAA,0,0
SACO_RAD_30551,T,C,GCCACCCTACTGTTA,GCCACCCCACTGTTA,GTCTGTCCCACCTCTGGAT,0,0
SACO_RAD_30677,A,T,AGTTACCAAAAGGGC,AGTTACCTAAAGGGC,AGGGCAGAAGGTGTTAAGAG,0,0
SACO_RAD_32474,G,A,AAGCGGTGTAGGTCC,AAGCGGTATAGGTCC,ACGACATCCGTAGAACACAA,0,0
SACO_RAD_32509,T,A,CAAATATTATTAGTC,CAAATATAATTAGTC,CCTGCAGGCTCTAGTTTTATCT,0,0
SACO_RAD_34905,C,G,CTACACACACAGACT,CTACACAGACAGACT,TCCATAGGTGAGTGGCTACA,0,0
SACO_RAD_35824,G,T,AAGTCGGGGGCAAGG,AAGTCGGTGGCAAGG,CGGATCCAGACAACAGTAAA,0,0
SACO_RAD_36519,T,C,CAGTGTGTTGAAAGA,CAGTGTGCTGAAAGA,CTTCTCCTACTGGGCAGTGT,0,0
SACO_RAD_37800,G,T,GTGGAGCGCGCTAGA,GTGGAGCTCGCTAGA,CAGCAGCACATAGGTGGA,0,0
SACO_RAD_38791,C,T,ATGTGACCGTTGATT,ATGTGACTGTTGATT,GCAGTGGCTAACAGATAGCAT,0,0
SACO_RAD_39068,G,A,TCGCGGCGCAGTGGT,TCGCGGCACAGTGGT,AGGTCGTATCGTGCAAGG,0,0
SACO_RAD_3950,A,G,CTTAAACATCCTCCT,CTTAAACGTCCTCCT,CTGCAGGGAATCTGATATTG,0,0
SACO_RAD_39649,C,T,TAAAGGACTTCAAAA,TAAAGGATTTCAAAA,CAGTTTGGTAACCCTGCTTT,0,0
SACO_RAD_4135,G,A,GAAGGGCGGGGCTGG,GAAGGGCAGGGCTGG,GGCTGAGTATTGAGGAGGAG,0,0
SACO_RAD_42924,C,T,TAATCCCCAGGTGAT,TAATCCCTAGGTGAT,TCATGGCTGTGTTGTAATCC,0,0
SACO_RAD_44931,C,T,CTAGAAGCTGTTCTC,CTAGAAGTTGTTCTC,CAGGAGCCAGGAGGTTAGTA,0,0
SACO_RAD_5096,T,C,ATTAATTTGTTTCCC,ATTAATTCGTTTCCC,GGGAAAATGCTAACCTTGAC,0,0
SACO_RAD_6277,G,T,TGCTTGCGGGAGTGG,TGCTTGCTGGAGTGG,CACACTTAATCAACTGCTCCTC,0,0
SACO_RAD_6586,C,T,GTGGCAGCCTCCAGC,GTGGCAGTCTCCAGC,CTCACCTTTCGGCCTGT,0,0
SACO_RAD_7477,C,T,AATGGTCCGGGAGTA,AATGGTCTGGGAGTA,GCAGGAGAGGTAGGGAAAC,0,0
SACO_RAD_829,C,G,GTCAGGCCCTCGATG,GTCAGGCGCTCGATG,GTGTTAGGGTCACAGCCTTT,0,0
SACO_RAD_8476,A,C,TAATGACATGACAAT,TAATGACCTGACAAT,ACCGTGACTGTGTGCTACTT,0,0
SACO_RAD_9485,T,A,AGCGTTTTATTATTG,AGCGTTTAATTATTG,GTTTTGCCTCGAAAAAGAAA,0,0
SACO_RAD_949,C,G,ATCTCTCCGTTTGCT,ATCTCTCGGTTTGCT,AGGCAGAATTGTGAACGTG,0,0
Salv_SNP_008,T,A,CCCACCTCCCGAGGG,CCACCACCCGAGGGA,CCGTTAAGGCTGGTAAAAAGTGAAT,0,0
Salv_SNP_012,G,T,TGGTATCGGTCTTGT,TGGTATCTGTCTTGT,CGATAGGAGCATTCACAAGTGATCT,0,0
Salv_SNP_013,T,G,AAATAGTTATGTAAC,AAATAGTGATGTAAC,TTACCTTTGCCAAATGCTCTAATTTGAC,0,0
Salv_SNP_017,T,C,CACATCTTTCCAATA,ACATCTCTCCAATAC,GGCAGGCTAGTTACTGTATCTCTGT,0,0
Salv_SNP_022,A,C,TTGAACGAATGCTGC,TGAACGCATGCTGC,CAAGACACCAAGGCCTATGGA,0,0
Salv_SNP_028,T,-,AACACTATAGAGTCGT,AACACTAGAGTCGT,TGCAGTGACTCCTGCTCAAAG,0,0
Salv_SNP_029,G,A,TTCAAAACGGTTTGC,TTCAAAACAGTTTGC,GCTCAAAGGGTCAAGTACAACACTA,0,0
Salv_SNP_036,T,G,ATTTCGCTTGGAAAT,TCGCGTGGAAATT,CTCACCTTGTCGGTAATACATATCGT,0,0
Sco_RAD_10017,A,G,ACACTG[AG]AATACTGC,ACACTG[AG]GATACTGC,ACAGACAGAGACCCCGACAC,0,0
Sco_RAD_10173,T,C,ATTCTTATTACGTTT,ATTCTTACTACGTTT,CAGGGGAAAATCCTGTTGGT,0,0
Sco_RAD_1031,C,G,GGCCTGGCTCTTGTA,GGCCTGGGTCTTGTA,AGCAGCCCATTAAGTGGTGA,0,0
Sco_RAD_1033,A,G,GCGACAAAAGAGAAA,GCGACAAGAGAGAAA,GCAGCCTAAGGTTGAACAGC,0,0
Sco_RAD_10626,T,G,TATTTTTTGGGGGAA,TATTTTTGGGGGGAA,AGGCTCCGTTTTGACTTTGA,0,0
Sco_RAD_11169,C,G,ACAGTTTCCTCAAGC,ACAGTTTGCTCAAGC,CCTATAACCGCTGGCCAATA,0,0
Sco_RAD_1143,C,T,TCAATGTCTGGTTGT,TCAATGTTTGGTTGT,CACAAGCTGTCTCCAATCAGTC,0,0
Sco_RAD_11911,G,A,CAGAGATGGCTTGAG,CAGAGATAGCTTGAG,CAGGTAATCTGGGCGTATGG,1,0
Sco_RAD_12028,C,A,CTAGATGCAAAGAGA,CTAGATGAAAAGAGA,TCTCCAAACGCAACTCACTG,0,0
Sco_RAD_12481,G,T,AGCCGCAGGCACGAC,AGCCGCATGCACGAC,GGACTGTGGGGCATGACTAC,2,0
Sco_RAD_12520,T,G,GGTCTTATGAGGACA,GGTCTTAGGAGGACA,TTTGTGTGGGTCTCAAATGG,0,0
Sco_RAD_12532,G,A,GACCCTAGGAAGGTG,GACCCTAAGAAGGTG,GGTGAGAAGTCCGTTTCAGG,0,0
Sco_RAD_1295,T,C,CAGTTTGTGAGTAGC,CAGTTTGCGAGTAGC,CAATCCGTTCCCATCTGC,0,0
Sco_RAD_13814,A,T,TGCAGTAAATACTCC,TGCAGTATATACTCC,TAGTATTGGACCCCCTCTGC,0,0
Sco_RAD_13936,A,T,CACAGGAATCCCAGC,CACAGGATTCCCAGC,AACCACCAACCCTCCACAG,0,0
Sco_RAD_13987,T,A,ATCAGAGTCCTGTGC,ATCAGAGACCTGTGC,GGAAGCTCCTGCATGTCATC,0,0
Sco_RAD_14287,C,T,GGCATTTCGGGGGCT,GGCATTTTGGGGGCT,CATCTTTGCTTTTGGGCATT,0,0
Sco_RAD_14610,C,T,AACCCTACCCAGCCT,AACCCTATCCAGCCT,CCCTGACGACAGACCTTCTC,2,0
Sco_RAD_15130,A,G,GGTCAAAAGTAGTGC,GGTCAAAGGTAGTGC,ACCCTGCTCACTCCCCTATT,0,0
Sco_RAD_15337,A,G,TGCAATTAAGTTAAT,TGCAATTGAGTTAAT,CAAAATATTAGGAACACCATCGTAA,0,0
Sco_RAD_15364,C,T,ACCGTTCCGCAGCAC,ACCGTTCTGCAGCAC,TGTGTGTCATGCGTCTCTGA,0,0
Sco_RAD_15967,G,C,ACCGACAGAGGACAT,ACCGACACAGGACAT,TTCTAACCTCCCGAGCCTCT,0,0
Sco_RAD_16034,G,A,GTATCAAGCACGTTG,GTATCAAACACGTTG,CTGGGAATGGAGGTTGTGTC,0,0
Sco_RAD_16331,A,G,TACCCAAACACTGTC,TACCCAAGCACTGTC,AGCTCCTTTCAACCCCAGAC,0,0
Sco_RAD_16594,C,T,TCTAACTCTCTCTCC,TCTAACTTTCTCTCC,TCTCTCTCACTCACTCACACACAA,0,0
Sco_RAD_16753,G,A,GCGGAAAGTGACGGG,GCGGAAAATGACGGG,TGCAGGGTGATTTTCAGAGC,0,0
Sco_RAD_16980,G,C,ACCTCACGAAGATAC,ACCTCACCAAGATAC,GGCTAGAACCCCATGACCTT,0,0
Sco_RAD_17368,C,T,AGGTTTTCTTTTACA,AGGTTTTTTTTTACA,TCAGGTAAGGGGTATCAAATGTC,0,0
Sco_RAD_17675,C,G,TACAGCCCATCGGTC,TACAGCCGATCGGTC,CATCCACAACATTACTGGTGCTA,0,0
Sco_RAD_17846,A,C,GTCTCTCAATAACAC,GTCTCTCCATAACAC,CGATACATCAGTTAGTGGTCTCG,0,0
Sco_RAD_1811,T,C,TGATTTCTCCCCACT,TGATTTCCCCCCACT,CAGGGGGTGCTGAGATGTTA,0,0
Sco_RAD_1820,T,A,GTAACAGTAACAGAG,GTAACAGAAACAGAG,TGCAGGTTCACTCAGTACAGG,0,0
Sco_RAD_18213,T,C,AAGGGAGTGAAAACA,AAGGGAGCGAAAACA,GCTGTCTTTTGAGCTTGACCA,0,0
Sco_RAD_18692,C,A,ACCCCTGCCCCAAGT,ACCCCTGACCCAAGT,TCCCAGCTTGTCTCAGTGTG,0,0
Sco_RAD_19584,G,T,GGGATGAGGCGAAGG,GGGATGATGCGAAGG,CACTCACACTAGGCATCTCTGG,0,0
Sco_RAD_19998,T,A,AAGATTGTGTGACAG,AAGATTGAGTGACAG,GGGGTGTTACATTATCTGTTGAA,0,0
Sco_RAD_20114,T,A,CGTTT[AC]ATTTTTAAA,CGTTT[AC]AATTTTAAA,GCAGGCTAAACTGGCACATT,0,0
Sco_RAD_20204,A,G,CTGCGCCACATTCAC,CTGCGCCGCATTCAC,ATAGGGTGCGTCCCAAACT,0,0
Sco_RAD_20476,T,G,CCTTTTTTGGGGCTG,CCTTTTTGGGGGCTG,CCAACCCCATAGAGTGCTGT,0,0
Sco_RAD_21031,G,T,GAGAGGGGTTTCTTC,GAGAGGGTTTTCTTC,AATCCATTGAGTCTAAAGAGAGAGG,0,0
Sco_RAD_21311,T,C,TTGCAGCTCCCTGGA,TTGCAGCCCCCTGGA,CTGGGTGAACAGGACAAACA,0,0
Sco_RAD_21351,C,G,AAGTTCACACTTGTT,AAGTTCAGACTTGTT,GGTGACCGTATGCTCATTCA,0,0
Sco_RAD_21510,G,C,GGCCCAGGTGGAGGA,GGCCCAGCTGGAGGA,GCAGATGGAGGTGCTGGAG,0,0
Sco_RAD_22391,G,A,CAAATGAGGCAAATC,CAAATGAAGCAAATC,GCGGCCTGTTTATCTCAGAC,0,0
Sco_RAD_2379,G,A,GGATGACGCTGAGGA,GGATGACACTGAGGA,GTTGCCTGTCGGTGTAGGAT,0,0
Sco_RAD_24137,A,G,GCTCACCAGAGGCAG,GCTCACCGGAGGCAG,AGGCAAAGTGTAAAGCCATGT,0,0
Sco_RAD_2418,G,T,GCGTGATGTGAG,GCGTGATTTGAG,CATTTTGGGTCTTTCTTTCCTTT,0,0
Sco_RAD_25177,A,G,AGTAAAAACGGTACA,AGTAAAAGCGGTACA,CCTGGGGAGCACAGATAAAG,0,0
Sco_RAD_25354,G,T,ATTATCAGTATCACC,ATTATCATTATCACC,TTTTGGATGAGAGTTTTCTAAGTGG,0,0
Sco_RAD_26141,C,G,GTGGGGCCGGCTGGA,GTGGGGCGGGCTGGA,GCAGGTAGCAGACTGGAATG,0,0
Sco_RAD_2649,T,A,AAACCCCTGGGTAAA,AAACCCCAGGGTAAA,CAGAGACGTGGAGACACTGG,0,0
Sco_RAD_26496,A,G,CCTGGAAAAAACGAC,CCTGGAAGAAACGAC,AGCAGCAGAAGGAGGGAGAG,0,0
Sco_RAD_26560,A,T,GCATCACAGTCGTGC,GCATCACTGTCGTGC,AAAGGCACACAGGCATCAC,0,0
Sco_RAD_26890,C,A,AAAATCTCATTCGCC,AAAATCTAATTCGCC,TGGGCGAATGATCGTTTACT,0,0
Sco_RAD_26945,G,A,GTCTGAGGTGTTGAT,GTCTGAGATGTTGAT,AGGTGATCGCCAGTGTGTCT,0,0
Sco_RAD_27007,C,T,ACTTTAACGACTGAC,ACTTTAATGACTGAC,GGGGCCACTACCAAGACTTT,0,0
Sco_RAD_27333,A,C,[AC]GAGAACAAAGATT,[AC]GAGAACCAAGATT,GGGACTCCAACCTGTGACAT,0,0
Sco_RAD_27815,T,A,GTTAGCCTTCCAGAT,GTTAGCCATCCAGAT,TCTGCAGTAGCCTAGCAGAGC,0,0
Sco_RAD_28009,C,T,GGGCTCCCCGTCGTT,GGGCTCCTCGTCGTT,TGCAGGCCACAGTAAATCAC,0,0
Sco_RAD_28887,A,C,ATACAATAT[AC]AAATT,ATACAATCT[AC]AAATT,CCAAGGGGGTTATTCACCTG,0,0
Sco_RAD_29098,A,C,ACACTGCATGATTAG,ACACTGCCTGATTAG,TGCAGGCTATAGCGTTATACTGTT,0,0
Sco_RAD_29108,G,A,ATGAGGCGATAATAT,ATGAGGCAATAATAT,TCCATTGCAGATTGTTGTCAG,0,0
Sco_RAD_29702,T,C,GGTTTGGTAGGTTTT,GGTTTGGCAGGTTTT,TCTTGTCCTTCCACGCTACA,0,2.5
Sco_RAD_30195,G,A,TAA[CT]GAGGCCTTTTA,TAA[CT]GAGACCTTTTA,TGCAGGTAAGTGAGACCGTTA,0,0
Sco_RAD_30488,G,C,AAGGGGAGTCAGTGA,AAGGGGACTCAGTGA,TGCTGTGAGATTGTTCAAAGG,0,0
Sco_RAD_30594,A,T,TGTCCGAAGTTATTG,TGTCCGATGTTATTG,TGCAGGGATACACACACAGAG,0,0
Sco_RAD_31162,C,T,AAATAAACCCATCTC,AAATAAATCCATCTC,TAACACGCATTGGTTTTTGG,0,0
Sco_RAD_31592,G,A,CACACAGGAAGGAC[GA],CACACAGAAAGGAC[GA],AAGTCTGCCTCGGTCACAAT,0,0
Sco_RAD_31670,T,A,TTTTTTTTAAATCCA,TTTTTTTAAAATCCA,TGTCTGCCATGAGTTGAGGA,0,0
Sco_RAD_31733,C,A,GGAGTCCCATTACTC,GGAGTCCAATTACTC,GAAAACCTCCGGCTACATGA,0,0
Sco_RAD_31844,T,C,TGAGTGATCACTGAG,TGAGTGACCACTGAG,TGCAGGGTAAAGGAAGAGACTG,0,0
Sco_RAD_3199,G,A,CTAAAGGGGGCCAA,CTAAAGGAGGCCAA,TGCAGGCACCTAACTCAGTG,0,0
Sco_RAD_3237,C,T,GCCCCCTCTCTCTCA,GCCCCCTTTCTCTCA,ACTCTGGGCCCCTGTGTG,0,0
Sco_RAD_32487,A,T,GGGGGCAAAGACATG,GGGGGCATAGACATG,TGGAAACGGTAGGAGAGAGG,0,0
Sco_RAD_32868,C,A,TCCAAAACAAATAAG,TCCAAAAAAAATAAG,CAGGGAACCTAGTTTGTACATGA,0,0
Sco_RAD_33112,G,A,C[CT]TGTA?GGTCTGA[CG]T,C[CT]TGTA?GATCTGA[CG]T,GGACAGTGTACTGGCCCTTC,0,0
Sco_RAD_33266,G,A,TATTTGGGTGTTACC,TATTTGGATGTTACC,GACAGCAAGGTCAAGGTTCC,0,0
Sco_RAD_3333,T,A,CATGTTATAGCTGTC,CATGTTAAAGCTGTC,TATAATACATTGTAAGACCTCTCATGG,0,0
Sco_RAD_33794,T,C,AGTAAAATATGGCAC,AGTAAAACATGGCAC,CAGTAAGACGTTTCAGCTGAGTAA,0,0
Sco_RAD_34078,C,A,TGATGAGCATAGTGT,TGATGAGAATAGTGT,GATCCCGCTAAGACATGATGA,0,0
Sco_RAD_3413,T,G,GATGTATTTCAGAGG,GATGTATGTCAGAGG,CAGGGAATGTTTACAAGTGTGTG,0,0
Sco_RAD_34186,G,T,AACCTCTGTAACAAA,AACCTCTTTAACAAA,TGCAGGTTTTCAGTGTCCA,0,0
Sco_RAD_34274,C,A,TTGAAGACAAAATAA,TTGAAGAAAAAATAA,CAGCCACATAGCCTGCATAA,0,0
Sco_RAD_34542,A,G,ATGAACAACGTT[TC]TC,ATGAACAGCGTT[TC]TC,GCCTCTTTGAAAGGAACATGA,0,0
Sco_RAD_3476,G,A,CTAACGAGGAGAAAC,CTAACGAAGAGAAAC,CCCACATCGTTAGCAACCTC,0,0
Sco_RAD_34928,C,T,TAATTGACCTCTCCT,TAATTGATCTCTCCT,TTTCCCCTCTGTCCATCAAC,0,0
Sco_RAD_3837,T,A,CAAGATATTGAGGGA,CAAGATAATGAGGGA,GCAGGAAAACAAACAATTACCA,0,0
Sco_RAD_3935,G,A,TGGGAACGTTTTTTT,TGGGAACATTTTTTT,TGATAATGATGGGCGTGTTT,0,0
Sco_RAD_43649,T,C,[AC]TTAC[TC]TTTCAGCTC,[AC]TTAC[TC]TCTCAGCTC,GGCTTCCAGAGTTTGACTGC,0,0
Sco_RAD_43803,T,C,TCCCTGCTGAAAAAT,TCCCTGCCGAAAAAT,TGTGAGGAGGAGGGTAGCAT,0,0
Sco_RAD_44254,G,A,TAAAGGAGCTCCTTA,TAAAGGAACTCCTTA,GAGTCCGAGGTGCTAAAGGA,1,0
Sco_RAD_44392,C,T,TAGCCCTCTGAGGTT,TAGCCCTTTGAGGTT,GCCTGCTGGAGTTCTTCAA,0,0
Sco_RAD_44519,A,G,TCAC[GT]TTATGAATGT,TCAC[GT]TTGTGAATGT,CGTCAGAGGAAACCCATTGT,0,0
Sco_RAD_45002,T,G,AGCGAACTTTGAAAC,AGCGAACGTTGAAAC,ATAAACCACATTGGCTACGC,0,0
Sco_RAD_4524,A,G,CCTGGAAAACCAGGT,CCTGGAAGACCAGGT,TTTTTAATGTAACCGACCTGGAA,0,0
Sco_RAD_45590,A,T,AAGGTTAAATAAAAA,AAGGTTATATAAAAA,TTTGTTCTTAATTGACTTGCCTAA,0,0
Sco_RAD_4563,T,C,ATAGCAGTGGCTGTA,ATAGCAGCGGCTGTA,GCAGGGAGATTAATTCAGCCTAA,0,0
Sco_RAD_45662,A,C,TAAGGAGAGCGGTTT,TAAGGAGCGCGGTTT,GTAACCGGGCAGGTGTTAAG,0,1.75
Sco_RAD_45697,G,C,TGGAATCGCGGTGGA,TGGAATCCCGGTGGA,TGTCTTCTCTGTTTCCCTCCA,0,0
Sco_RAD_4620,C,T,CTCCAACCTTTTAAC,CTCCAACTTTTTAAC,GGGTTAAAATTGGAAACCCTCT,0,0
Sco_RAD_46728,C,T,CACTGGCCCAATAAA,CACTGGCTCAATAAA,GTAGAGCAGCCTGCCTGGAT,0,0
Sco_RAD_46769,G,C,CGTTCTAGATTGTGT,CGTTCTACATTGTGT,CAGGTGTGTGTGTGTGAATCC,0,0
Sco_RAD_46944,A,T,TTT[CT][TG]GCACAAACTG,TTT[CT][TG]GCTCAAACTG,GCCACCTGGACAGATGATAAA,1.75,0
Sco_RAD_47067,G,A,ACTTACAGCAGAACA,ACTTACAACAGAACA,CACAGGGGGTACTTGGAAAA,0,0
Sco_RAD_47177,G,A,AAATGGAGAGAGTTA,AAATGGAAAGAGTTA,GCAGGCAAAACTGTCTGATG,0,0
Sco_RAD_47184,C,T,AAGTAGCCATTATCA,AAGTAGCTATTATCA,TCAGGCCAGTAAGGAGAGTGA,0,0
Sco_RAD_47268,C,T,AGTTAATCGTTGGAA,AGTTAATTGTTGGAA,AAAGAAAATCCACCCACAGG,0,0
Sco_RAD_47983,A,G,ACAAAAAAAACTCCA,ACAAAAAGAACTCCA,AGGACTTAATGGCACTGCAAC,0,0
Sco_RAD_48256,G,C,AACTGGAGAGACTTC,AACTGGACAGACTTC,TACATTGCCCTGCAGACAGA,0,0
Sco_RAD_48437,T,C,TTTTTTCTGACCTTC,TTTTTTCCGACCTTC,CGGCCCATAGAGGAACCTT,0,0
Sco_RAD_48529,C,T,AATAAAACAATTTTT,AATAAAATAATTTTT,GATCATCTGAGGGGAGGTGA,0,0
Sco_RAD_48548,T,C,TTTCCTCTCGTCGTT,TTTCCTCCCGTCGTT,TCCTCCATGACCATTTCCTC,0,0
Sco_RAD_48891,T,G,AGTTAGCTCTGACGC,AGTTAGCGCTGACGC,GGAGAAGGCATTGAAAGCAG,0,0
Sco_RAD_49180,G,C,CCCGTCTGTCTG[AT][AC]T,CCCGTCTCTCTG[AT][AC]T,CCTGCCTGTCTGTTTGTGAC,0,0
Sco_RAD_49183,A,G,CTTGTCTACTACCAT,CTTGTCTGCTACCAT,TGCTGCTTTTGCTTAAGCTCT,0,0
Sco_RAD_50362,G,A,CCTTATCGATAACTA,CCTTATCAATAACTA,TGCAGGAATGTGATATTGTCAAC,0,0
Sco_RAD_5077,G,A,CTGTTTGGTTTTACT,CTGTTTGATTTTACT,GGAGAAAGAGTACAAAGTGATTGG,0,0
Sco_RAD_51365,A,G,GGACACCAGGAACAA,GGACACCGGGAACAA,ACTTATCCCACGGGACACC,0,0
Sco_RAD_52003,A,C,TGATTTAAATTTTTA,TGATTTACATTTTTA,TCCTGATTCTTGACCCCTGA,0,0
Sco_RAD_52043,G,A,TGACTAAGGTTATTT,TGACTAAAGTTATTT,TGTGGGAGAGAGAGTCTGCAT,0,0
Sco_RAD_52245,A,G,TTGTGGGACAGAAGA,TTGTGGGGCAGAAGA,TGCAGGCCTGTAGTGTCTCA,0,0
Sco_RAD_52388,T,A,AATATATTTTTTTTT,AATATATATTTTTTT,TGGTGGTGAACACAGCACAT,0,0
Sco_RAD_52444,T,C,ACCTTTATTGGAACG,ACCTTTACTGGAACG,TACGCGCACACACACCTTTA,0,0
Sco_RAD_54568,A,G,CTCCCATATATAATG,CTCCCATGTATAATG,GGAGAGAGCTTGGGTCCTCT,0,0
Sco_RAD_54804,C,T,AGAATAACGGTAAGT,AGAATAATGGTAAGT,CCCCTTGGAACAACTGAAAC,0,0
Sco_RAD_55201,A,T,AGACCAAAATGATTT,AGACCAATATGATTT,TGGCAGTGACATACCTACGC,0,0
Sco_RAD_55740,G,A,AATTTTGGACTGGCA,AATTTTGAACTGGCA,TGGGGGAAAAAGAGGGATAG,0,0
Sco_RAD_55776,A,G,TTATCATATTATAAT,TTATCATGTTATAAT,TGCAGGTAGGTATAATGCAGAGTC,0,0
Sco_RAD_55901,G,A,GGTTGCTGTGTGTCT,GGTTGCTATGTGTCT,TCTGAGAGCTGTGTGGTTGC,0,0
Sco_RAD_563,T,C,TCTAGTGTAATCTGA,TCTAGTGCAATCTGA,GCTCAGACAACAAGGTAAAGCA,0,0
Sco_RAD_56453,C,T,TGAGGGTCGTATCCC,TGAGGGTTGTATCCC,AGGCTGCTGTGTTGTGATAAA,0,0
Sco_RAD_57052,C,T,TCTCACCCAGAGCAA,TCTCACCTAGAGCAA,TGCAGGACTGAATGATGTGG,0,0
Sco_RAD_57201,C,T,CTTCACTCTGTGGT[CA],CTTCACTTTGTGGT[CA],GAGGGGCTGTCACACTTGTT,0,0
Sco_RAD_57913,C,G,CTACACACACAGACT,CTACACAGACAGACT,CCCGGATCCATAGGTGAGT,0,0
Sco_RAD_58145,A,G,TCGAGGAAGTCCTGG,TCGAGGAGGTCCTGG,ACTGGCAGCGAGACATGTAG,0,0
Sco_RAD_58409,A,C,GATGATAAATTGTAT,GATGATACATTGTAT,GCAAGACCGAGATGCATTGT,0,0
Sco_RAD_58940,T,C,ATGTCCTTTTCTCAC,ATGTCCTCTTCTCAC,GGAGTTCTCCTCAGGGTTCA,0,0
Sco_RAD_59168,T,C,GCTACGCTAGGCTAT,GCTACGCCAGGCTAT,GCAGGCTCGGATTACAGAAA,0,0
Sco_RAD_59172,T,G,CAGATTATGGAAAAG,CAGATTAGGGAAAAG,CAGGACCTCACACAGCAGAC,0,0
Sco_RAD_59381,C,T,AGTTTTTCTTTTATC,AGTTTTTTTTTTATC,TTTCTCCTGATGGGGTGACT,0,0
Sco_RAD_59444,A,T,ATGGTTGAAGTGTTT,ATGGTTGTAGTGTTT,TGCAGGGGGAGACAGAGTAG,0,0
Sco_RAD_59942,T,A,CCCGCTCTATCTTTC,CCCGCTCAATCTTTC,CAGGACTCCAGCAGAGGAAC,0,0
Sco_RAD_59958,A,G,AGAGGGCAGAGGTGG,AGAGGGCGGAGGTGG,GCGGCCACAGGTAACACTAA,0,0
Sco_RAD_60059,T,G,TACAATATTAAAACA,TACAATAGTAAAACA,CAGGTGCATGAGGAGAGTCA,0,0
Sco_RAD_60659,A,T,CAGAAAGAGTATGTG,CAGAAAGTGTATGTG,TGCAGGTCTGCCAATGTG,0,0
Sco_RAD_61094,T,A,GTAGGAGTCCTTTTG,GTAGGAGACCTTTTG,TGCTACGTGTGATTGGTGGT,0,0
Sco_RAD_61480,A,G,CTCTAAGACCGGGTT,CTCTAAGGCCGGGTT,GGTGACGTCATGAATGGAAA,0,0
Sco_RAD_61492,G,A,ACTATTCGCTTCTGT,ACTATTCACTTCTGT,GACGAGGTCTGTCCCAAATAA,0,0
Sco_RAD_61557,G,A,TTTATATGCGTGTTC,TTTATATACGTGTTC,AGGCAGCATCACATCGAAC,0,0
Sco_RAD_61802,A,G,GTTTACAAGTAAATG,GTTTACAGGTAAATG,TGCCCTGTGATCCCTAGAAA,0,0
Sco_RAD_61994,G,A,CCCTGCCGTT[CT]TGTC,CCCTGCCATT[CT]TGTC,TCAGGTCTCTGCAGGCCTAT,0,0
Sco_RAD_62513,G,C,GTGTGGGGTTGTTTG,GTGTGGGCTTGTTTG,CCCCTGTCTGCTCCTAGTGT,0,0
Sco_RAD_6292,G,T,TCCAGAGGTATGGGT,TCCAGAGTTATGGGT,GCAGGTCTAGTTTGGTTCCAG,0,0
Sco_RAD_63179,C,T,TGCTGGCCGTCTCCA,TGCTGGCTGTCTCCA,AGGAGGCTGTCACTGATGCT,0,0
Sco_RAD_63322,G,A,GGTTACCGACCACTT,GGTTACCAACCACTT,TCAGCCCAGGCAAGTACAGT,0,0
Sco_RAD_63835,C,T,CCAGGCACATGTCCT,CCAGGCATATGTCCT,CGACCTTTCCTCACACAGAA,0,0
Sco_RAD_64039,T,G,AGAGAGATGGCACAA,AGAGAGAGGGCACAA,GGTGCCATCAACCAAGAAAG,0,0
Sco_RAD_64267,C,T,GAAGGAACACATCAC,GAAGGAATACATCAC,CACAGAGGCAGAGCATTAGC,0,0
Sco_RAD_6477,A,G,CGCTGCCATCCAAGC,CGCTGCCGTCCAAGC,GGGAACTCAACAAGAGCATCA,0,0
Sco_RAD_65066,T,C,TGGGTGGTCGTATAA,TGGGTGGCCGTATAA,TCACAAGCTCCTCAAAATGG,0,0
Sco_RAD_65105,G,A,CGAAGCCGACATTGA,CGAAGCCAACATTGA,ACTGATTGAACAGCCGAAGC,0,0
Sco_RAD_6647,A,G,CCTGCTGAAAAGACA,CCTGCTGGAAAGACA,GCAGGGTTGCTTGTTTTAGC,0,0
Sco_RAD_66499,C,A,CCTTTCTCCCCAAAC,CCTTTCTACCCAAAC,GCAGGATTTGCTTTGTGGAG,0,0
Sco_RAD_66995,C,T,AGGCCACCGAGCGTT,AGGCCACTGAGCGTT,CTCCGTGAGTCGTTTGTTCA,0,0
Sco_RAD_6707,C,G,AGTATCACTGCTCGA,AGTATCAGTGCTCGA,CCTCGCCATCTGGAAGAGTA,0,0
Sco_RAD_67123,T,A,CATTCCATTCTCAAT,CATTCCAATCTCAAT,TGACTCCAAACACCATTCCA,0,0
Sco_RAD_67416,A,T,AGGCATTATGATACT,AGGCATTTTGATACT,CCACAATGAGTGCAAAAGGA,0,0
Sco_RAD_67574,T,G,TCAAAGTTTATTTGT,TCAAAGTGTATTTGT,AGGCTCATCCTGACATGACC,0,0
Sco_RAD_67968,C,A,ACAGAAACAATGGAG,ACAGAAAAAATGGAG,TGCAGGATCTTCCAGAAAGG,0,0
Sco_RAD_68127,G,A,CTGATT[CT]GGTCTCTC,CTGATT[CT]AGTCTCTC,CAGGTTCTGGCAATGTGTGT,0,0
Sco_RAD_68338,G,A,CCTAGAAGAGGCAAT,CCTAGAAAAGGCAAT,CTGTCTTGATCTGTGACCCCTA,0,0
Sco_RAD_68386,C,G,CATTTGTCAGGTGCT,CATTTGTGAGGTGCT,TCATCCTCTGGCATGACAAT,0,0
Sco_RAD_68463,A,G,GCATGACAGGTTTGA,GCATGACGGGTTTGA,GGCAGGTCGTGTAGGAACTT,0,0
Sco_RAD_68507,C,A,GGCGTCGCAGCAGGG,GGCGTCGAAGCAGGG,GTCGTCCACCATCTTGGTCT,0,0
Sco_RAD_69018,A,G,CAGTGTTACAGCAGT,CAGTGTTGCAGCAGT,TGCAGGCCTACACATAACAG,0,0
Sco_RAD_70076,G,A,CAAAACTGCACATTT,CAAAACTACACATTT,ATGCCAATTGCTCCCTTAAA,0,0
Sco_RAD_70673,C,T,AACACAACCAAAGAA,AACACAATCAAAGAA,CGGACAGCTGATGAAACACA,0,0
Sco_RAD_7378,C,T,AGCCAAGCACGACAA,AGCCAAGTACGACAA,TCTGTTTGTGCAACACTTAGCC,0,0
Sco_RAD_7464,G,T,TATTCCAGCTCTTCA,TATTCCATCTCTTCA,AGGGAGTTGTGAAGCAGCAT,0,0
Sco_RAD_76,T,C,CCTGAACTTTATCGC,CCTGAACCTTATCGC,CGGTCAGGAAAAGAGTGGAA,0,0
Sco_RAD_7974,C,G,ACAGAGACAAGAAAA,ACAGAGAGAAGAAAA,AGGGGACAAGTGAACACACA,0,0
Sco_RAD_8304,A,T,TGCTCTAATTGGTTT,TGCTCTATTTGGTTT,AGGGGTAAATTGGCTCTGCT,0,0
Sco_RAD_8367,C,T,TG[AG]TCCTCTTGTGTC,TG[AG]TCCTTTTGTGTC,CCAATTGATTGGTCAAGATGT,0,0
Sco_RAD_8431,C,T,AAGTGATCAATAATG,AAGTGATTAATAATG,CCTCGACTGTTGGGAGGTAA,0,0
Sco_RAD_8667,G,A,AAATGGTGACTAGAA,AAATGGTAACTAGAA,GCAGGCAGAGGTTTAACGAC,0,0
Sco_RAD_8788,A,C,AGGAGATAATTTGTA,AGGAGATCATTTGTA,GGTACCCTAGCTAATGTCACTGTT,0,0
Sco_RAD_9236,T,A,GGATGGCTGGGTTGT,GGATGGCAGGGTTGT,GCACAGTTCACCCAGCATTA,0,0
Sco_RAD_9255,A,G,CCCTTAGAGTGAGTG,CCCTTAGGGTGAGTG,CTTGACAGGACGTTCTCAACC,0,0
Sco_RAD_9305,T,C,CAGCATTTAGGCTGG,CAGCATTCAGGCTGG,TACTGGAGGGCCTCAGCAT,0,0
Sco_RAD_9336,C,T,CGCGAGACAGGCGGG,CGCGAGATAGGCGGG,GGAGAAACGGGTGATCAATG,0,0
Sco_RAD_9434,A,T,ACTTTTTAATTATTT,ACTTTTTTATTATTT,TAGGCAGGGTGAACAACACA,0,0
Sco_RAD_9930,T,C,CCTCCAATCCAAAGT,CCTCCAACCCAAAGT,CAGGCCCACACACAGAAGT,0,0
Sco_RAD_9958,A,C,AACGTATAAATCTGT,AACGTATCAATCTGT,TGCAGGTGGGCTACCTAAAT,0,0
sf000151_AT_HYB,T,C,TGTGCGTATCAGCG,TGTGCGCATCAGCG,TCAAAATTGGGGTAAGTGTGC,0,0
sf000157_01AT_HYB,A,C,TACAGCATGGGATC,TACAGCCTGGGATC,AAGGAGCACCAAACGGTACA,0,0.8
sf000382_AG_HYB,T,A,AATCC[GA]TGATGATG,AATCC[GA]AGATGATG,AGGCTGCCTATGTCATGGAT,0,0
sf000508_CT_HYB,C,G,CAGTCACAGAGAGA,CAGTCAGAGAGAGA,TTCTCCCCATTAGTTTTCAGTCA,0,0.7
sf000559_AG_HYB,A,G,GATAGTAGGACTGA,GATAGTGGGACTGA,TGCCCACAACTCTACCACTG,0,0.7
sf000754_AC_HYB,C,G,AACAG[CA]CTAAAATG,AACAG[CA]GTAAAATG,TGTGTTTCACCGAACTACCTACA,0,0
sf001164_02GT_HYB,T,A,T[TC]CCTTTAACTTGT,T[TC]CCTTAAACTTGT,GATTTCGCAAACCTCTGACG,0,0
sf002131_AG_HYB,A,G,[GA]TACATAACTCCAT,[GA]TACATGACTCCAT,CATCAGTATCACATTGGCCTTT,0,0
sf002792_01AG_HYB,G,C,AAATCTG[TC][TA][TC][AG][CG]T[GC],AAATCTC[TC][TA][TC][AG][CG]T[GC],AGGGGAACACATTGGGTGTA,0,0
sf003611_AC_HYB,A,G,CACAATATGTTAAT,CACAATGTGTTAAT,TTTTTCGATGTACCTTTATCCAGA,0,0
sf004651_AG_HYB,G,A,GAAAACGAC[AT]GATC,GAAAACAAC[AT]GATC,AAACGAGAGAGAGAAACAACACG,0,0
sf005440_AG_HYB,G,C,TACGCAG[GA]CAATAT,TACGCAC[GA]CAATAT,TGAACATGATTCGACTTACGC,0,0
Sfo_12199_79192_HYB,T,A,ACAAAATA[AC]TTCCC,ACAAAAAA[AC]TTCCC,GAGCTCAAAGTACGCTGGTACA,0,0
Sfo_2714_25693_HYB,A,T,TCGGGGATT[TC]GATC,TCGGGGTTT[TC]GATC,GCAGGGAAGAACGACAGATTTA,0,0.5
Sfo_3881_34908_HYB,T,A,AACATATGATTTAT,AACATAAGATTTAT,AGGACAGGGTGAGAGGAACATA,0,0
Sfo_4699_39079_HYB,T,A,TGCCCAT[GA][GA][CA][GA][AC]A[AG],TGCCCAA[GA][GA][CA][GA][AC]A[AG],AGGTGTTTCAGTCAGCACAATG,0,0
Sfo_4701_39083_HYB,A,C,TTACAAAACTGTAC,TTACAACACTGTAC,GGAGACACAGCTCAGGTTACAA,0,0
Sfo_5504_43035_HYB,C,T,TGTGTGCGTG[TC]G[CT]G,TGTGTGTGTG[TC]G[CT]G,CATGCATGGAGTGTAAAGTGTG,0,0
Sfo_579_12874_HYB,T,C,TAATC[GC]TATCTGAT,TAATC[GC]CATCTGAT,GTTTTGAAAAACCCAATTGACG,0,0
Sfo_9883_66689_HYB,T,C,AATTTTTGCCTAAA,AATTTTCGCCTAAA,CCTCTGTCTGCTCCCTACAGTC,0,0
