sf000002_01AG,A,G,TGGATAATGCTGTT,TGGATAGTGCTGTT,TTTGACCTTTGCTACGTGGA,0,0
sf000021_01AG,A,C,AGTTGAAATCCAGC,AGTTGACATCCAGC,TTGCCATAATGACCTCTAGCC,0,0
sf000023_02AC,C,T,TTCTGACTGATTCT,TTCTGATTGATTCT,TATCTGTCCCCAGGGAACCT,0,0
sf000088_01AC,A,G,AGATACAGTCCCAA,AGATACGGTCCCAA,GTTTGCGAGAACACAAAGCA,0,0
sf000119_01AG,A,G,TACAGTAAAAGTAC,TACAGTGAAAGTAC,TGGCACTCCTGAAATGGTAA,0,0
sf000132_AG,A,G,GCATTGACAAAGTA,GCATTGGCAAAGTA,CGTTGACCCACAGTACATGC,0,0
sf000139_01CG,G,T,ATATATGAAATGTG,ATATATTAAATGTG,TACCCTTCATAAACACAACCAA,0,0
sf000151_AT,A,T,[A/G]CTGGGATGT[T/G]CCA,[A/G]CTGGGTTGT[T/G]CCA,TCAAAATTGGGGTAAGTGTGC,0,0
sf000157_01AT,A,C,G[T/C]C[G/T][G/A][G/A]AGC[G/A][G/C],G[T/C]C[G/T][G/A][G/A]CGC[G/A][G/C],AAGGAGCACCAAACGGTACA,0,0
sf000364_GT,G,T,TAATGGGTTCTAAA,TAATGGTTTCTAAA,TGTTCTTGCTCTTGTGATGAGA,2,0
sf000382_AG,A,G,CAATCCAAGATGAT,CAATCCGAGATGAT,AGGCTGCCTATGTCATGGAT,0,0
sf000505_CT,C,T,CGTCTACGC[G/C/T]CTTC,CGTCTATGC[G/C/T]CTTC,TTGCAAACGTTCTTTCAGGA,0,0
sf000508_CT,C,T,GAGATGCGATGACA,GAGATGTGATGACA,TTCTCCCCATTAGTTTTCAGTCA,0,0
sf000518_GT,G,T,AAATATGTAGTCGA,AAATATTTAGTCGA,AAAGGATGAGAAACCATTGAGC,0,0
sf000554_CT,C,T,TGGCCACTACATGC,TGGCCATTACATGC,GCACACTGGCTCTCTGTCAC,2,0
sf000559_AG,A,G,[C/T]TGAC[C/T]AGTCCTAT,[C/T]TGAC[C/T]GGTCCTAT,TGCCCACAACTCTACCACTG,0,3
sf000633_01AT,G,T,GAGCTCGCCAGACA,GAGCTCTCCAGACA,TCCACTCCTTCACCTCCTTG,0,0
sf000656_AG,A,G,CACTTCATGATTGG,CACTTCGTGATTGG,ATTATCTCGCTGTATTCTTCACTTC,0,0
sf000684_CT,C,T,GTGGTGCGTGTATG,GTGGTGTGTGTATG,TCCTTGTTTTGTATAATGAGTAGGC,0,0
sf000719_01CT,A,T,GGAGAGAGAACACC,GGAGAGTGAACACC,CCATGTGAATGGGAATGTCA,0,0
sf000754_AC,A,C,AAACAGAGTAAAAT,AAACAGCGTAAAAT,TGTGTTTCACCGAACTACCTACA,0,0
sf000899_CT,C,T,CGGGTACGACAAAA,CGGGTATGACAAAA,GCTGATTGGCTGTGTCTTGA,0,0
sf000966_03CT,A,G,AGTCTTAGGGC[C/T]TC,AGTCTTGGGGC[C/T]TC,CTCCCTGATGTGAGGAAAGC,0,0
sf000978_02CT,A,G,ATGGTTATGGCAAT,ATGGTTGTGGCAAT,GCGAACCGTCTTGCATTAAC,0,0
sf001164_02GT,C,T,TATGGTCCCTTAAA,TATGGTTCCTTAAA,GATTTCGCAAACCTCTGACG,0,0
sf001196_AG,A,G,TGGCGAAAGGTCAT,TGGCGAGAGGTCAT,ATGGGATACGCTGTCTGAGG,0,0
sf001353_GT,G,T,ATACACGGAGGAGA,ATACACTGAGGAGA,AGGTGTGTTACATAGGCCTGTTC,0,0
sf001394_AT,A,T,[T/C][A/C]A[T/C][G/A][G/A][T/C]C[T/C]C,[T/C][A/C]T[T/C][G/A][G/A][T/C]C[T/C]C,ATTGACCTGAAGCCACTGGA,0,0
sf001437_01AT,A,G,AC[C/G/A]ACCACACTGTG,AC[C/G/A]ACCGCACTGTG,ACCAGGGTGAGGTTTGTCAC,0,0
sf001546_AC,A,C,CACACAACCCTCAC,CACACACCCCTCAC,GGGGCTGTCAACAGACAAGT,0,0
sf001667_AG,A,G,TATGTTAAATCTAA,TATGTTGAATCTAA,AACCAAGATCAGCCTCTCACA,0,0
sf001686_01CT,A,G,GCCCAGACTGTCAC,GCCCAGGCTGTCAC,GGGAGTTGAGCCGTTCTGTA,0,0
sf001692_03CG,C,T,GCTGATCGCAGCCC,GCTGATTGCAGCCC,GGACGCTAACAAAGAGAAACG,0,0
sf001812_AG,A,G,CCTTTCAAGCAAAA,CCTTTCGAGCAAAA,CTGCTGGAACCAACCCTTT,0,0
sf001846_AG,A,G,TGACTTAAATTAAA,TGACTTGAATTAAA,AAACGTCGGCTTTAATATTTGAC,0,0
sf001916_AG,A,G,TGTTGGAGATTGCC,TGTTGGGGATTGCC,CGGAAAGTATTTGTAGGATGTTGG,0,0
sf001996_02CG,A,G,GTGCTAAACCAACT,GTGCTAGACCAACT,TCTCCACAGTGCCTCACAAG,0,0
sf002018_AC,A,C,TAATAAAGTCATGA,TAATAACGTCATGA,AACCCAGGAAGGTTTTATAACTG,0,0
sf002131_AG,A,G,TACCCAATACATGA,TACCCAGTACATGA,CATCAGTATCACATTGGCCTTT,0,0
sf002250_01AG,A,C,AACAATACATACTG,AACAATCCATACTG,TTGTGCACTTTTCGTCCTTG,0,0
sf002333_01AC,A,G,AAGTGCACCATTCA,AAGTGCGCCATTCA,CAATGCAAGAAACTGGAAATTG,0,0
sf002353_02AT,C,T,GCCCTTCTTCTGGG,GCCCTTTTTCTGGG,CTGGTAGCGGTGGTTGATG,2,0
sf002439_CT,C,T,AAAGATCTGC[C/T]TGC,AAAGATTTGC[C/T]TGC,CACCCTAAAGGCTGTTGAATG,0,2
sf002640_AG,A,G,CCCTCCACTCTGCT,CCCTCCGCTCTGCT,GTGGCTCAGCTGTGCATTC,0,0
sf002792_01AG,A,G,CAATGGATCTACAG,CAATGGGTCTACAG,AGGGGAACACATTGGGTGTA,0,0
sf003018_09CT,A,G,GTGGCTACATTGCA,GTGGCTGCATTGCA,TGCAGCTCTGATTTTATCCA,0,0
sf003076_01CT,A,G,TTA[A/G]GCAAACTATT,TTA[A/G]GCGAACTATT,CGCAATGACTGCTTGTTTTG,0,0
sf003092_01CT,C,T,GGCACTCGCTGTAA,GGCACTTGCTGTAA,TGCCAAGATCCACATACACC,0,0
sf003105_01CT,C,T,ATGTGTCCTGGTAA,ATGTGTTCTGGTAA,TTTGTGCCGTCATTCGTTTA,0,0
sf003208_01CT,C,T,GCAATACAAATTAA,GCAATATAAATTAA,GGCCAATCGACTGGACTCTA,0,0
sf003334_01CT,A,G,GTGAACATGATCAA,GTGAACGTGATCAA,GGCCCATTTATTTGTGTTCTG,0,0
sf003455_AG,A,G,ATTAGCATAAATCA,ATTAGCGTAAATCA,CGCTGACAACTTTTCTTTGTG,0,0
sf003611_AC,A,C,AGATAAACCACAAT,AGATAACCCACAAT,TTTTTCGATGTACCTTTATCCAGA,0,0
sf003633_AG,A,G,CTGTTCACTTGTTC,CTGTTCGCTTGTTC,TGTGAGAGACGCAGGTTGAC,0,0
sf003697_01CT,A,C,ATTGTTAATTTTAG,ATTGTTCATTTTAG,GTCGTTGGGGGAGTTATCCT,0,0
sf003715_01AT,C,T,GAATGCCTTATTAT,GAATGCTTTATTAT,TGGAAATGTGATAATGCATGG,0,0
sf003726_01CT,G,T,TCATTAGGCACTAG,TCATTATGCACTAG,AAAAAGTTGTGCCCATGCTC,0,0
sf003899_CT,C,T,[A/G]CCACCCATGTTTC,[A/G]CCACCTATGTTTC,CCAATCCAAAACATGGGAAT,0,0
sf004038_AG,A,G,CGTTCCATCCTCAC,CGTTCCGTCCTCAC,GGCCGGGTGTAAGATAACAA,0,0
sf004055_02CT,A,T,TTCAGCAATCCAGA,TTCAGCTATCCAGA,ATGGTGACTGCAGGGAGACT,0,0
sf004090_CG,C,G,AGAAGACAATAGAG,AGAAGAGAATAGAG,GCCAGAGATGGCGTATCATT,0,0
sf004131_AG,A,G,GATTACAAGCAGCA,GATTACGAGCAGCA,AAACGCCAACAATCTGTCAA,0,0
sf004299_15GT,C,T,TTTCTACCACTTCA,TTTCTATCACTTCA,TTCACTGATAAAAGCTGAACAAAG,0,0
sf004319_GT,G,T,TTCTCTGATGTTTA,TTCTCTTATGTTTA,ATGGGACAGGAAGTCACAGG,0,0
sf004379_CT,C,T,G[G/A]GG[T/C]C[G/A]GC[G/C][A/G/T]C,G[G/A]GG[T/C]C[G/A]GT[G/C][A/G/T]C,CTCCATGTCAACACCACCTG,0,0
sf004475_CT,C,T,TATTCCCTATATAG,TATTCCTTATATAG,TGAGCAGCAGACCAAGGTTA,0,0
sf004521_CG,C,G,TGTATACATTTGAT,TGTATAGATTTGAT,CGTTACGTTTTTCATGAACATATAG,0,0
sf004614_AG,A,G,TCACTCATGTACTT,TCACTCGTGTACTT,AGGCCTGATTTCCCACATAA,0,0
sf004651_AG,A,G,CAGATCATCC[C/T]GAC,CAGATCGTCC[C/T]GAC,AAACGAGAGAGAGAAACAACACG,0,0
sf004656_AC,A,C,GGTGTCATTTATGT,GGTGTCCTTTATGT,TCAGAGGCTGCTCAGAAGGT,0,0
sf004714_CT,C,T,GTTGTACGGTTTGT,GTTGTATGGTTTGT,CACATTGGCTGTGTACAGGT,0,0
sf004795_CT,C,T,TAAGAACACGAGTC,TAAGAATACGAGTC,TGAAAGCCACAACAATCACC,0,0
sf004811_AT,A,T,TTCAGGATAACGAT,TTCAGGTTAACGAT,TTCAACATGAAGAAAATCAAGGTC,0,0
sf004897_AT,A,T,T[G/A]GGAC[C/A][T/C]TTTAAT,T[G/A]GGAC[C/T][T/C]TTTAAT,TTCCCTCCAGTGGCTATGAC,0,0
sf004938_CT,C,T,ATGTGACACGATTA,ATGTGATACGATTA,TCCAATTATGCTTTGCTTTTGA,0,0
sf005052_AG,A,G,TCACAGATCTGATC,TCACAGGTCTGATC,TAGAACCGATCTGGGACTCG,0,0
sf005138_03AG,A,C,ATGCTAAGCGACCC,ATGCTACGCGACCC,TATCGTCTGTGGGAGGTGGT,0,0
sf005286_CT,C,T,CTACACCTGGGATC,CTACACTTGGGATC,TTCCCGATTTACCCTGTGAC,0,0
sf005311_CG,C,G,GAGTTGCGATAATG,GAGTTGGGATAATG,CCTGCAGATTAATGCATGGT,0,0
sf005344_AT,A,T,AGGTAGAT[A/T]TGTGC,AGGTAGTT[A/T]TGTGC,GCGTCACATGTCTTCTCTGAA,0,0
sf005440_AG,A,G,ACGCACACAATATG,ACGCACGCAATATG,TGAACATGATTCGACTTACGC,0,0
sf005443_CG,C,G,ATTCCACAGATATT,ATTCCAGAGATATT,CACAACCAATTGAGCATTCC,0,0
sf005501_AG,A,G,AGGTCCACCACAGA,AGGTCCGCCACAGA,GCAAAGTAAGCAAACCAAAAGG,0,0
sf005663_CT,C,T,ACACACCTCGCGCA,ACACACTTCGCGCA,CACAACCTGTTGATCGAGGA,0,0
sf006073_01CT,A,G,ACCTGGACACTAGC,ACCTGGGCACTAGC,GGGCTATCACCGCACCTG,0,0
sf006410_AG,A,G,CAAGACAAAATA[A/T]T,CAAGACGAAATA[A/T]T,AATATATGGCCTGCTACCAAGA,0,0
Sfo_10042_6742,A,G,CTTCCTCATGTCTGACGTGGTGCAGCCCGTCTCCAC[C/A]GACCCCCTCCTGTACCAGGACAACATCCGCTTC,CTTCCTCATGTCTGACGTGGTACAGCCCGTCTCCAC[C/A]GACCCCCTCCTGTACCAGGACAACATCCGCTTC,CTTCCTCATGTCTGACGTGGT,0,0
Sfo_10155_68001,C,T,GACAAACTAGAGAG,GACAAATTAGAGAG,GTGGCCCTCAAGGACAAA,0,0
Sfo_10210_68359,G,C,TGTCTTGATGTGAG,TGTCTTCATGTGAG,ACCTATCCTGCCTCACTCTGAA,0,0
Sfo_10289_68815,A,G,AGGAGAAGGTAAGG,AGGAGAGGGTAAGG,CAACCAGCTAGCCAAGTCTCAG,2.35,0
Sfo_10382_69315,G,T,ACAGCAGGAGCGGT,ACAGCATGAGCGGT,AGCCGTGACACTAGAGACAGCA,2,0
Sfo_10388_69333,G,C,AGCTAGGCTGGGGT,AGCTAGCCTGGGGT,AAACATACAGGAAGGAGGTTGG,0,0
Sfo_10455_69700,G,C,TTGTGAGGTTTTAT,TTGTGACGTTTTAT,ATCGAACGCTCTGCACACTAT,0,0
Sfo_10476_69797,A,G,TTGTGTAGAAAAAC,TTGTGTGGAAAAAC,CCACCTGATGAAACTGAGGAGT,0,0
Sfo_10482_69822,C,T,TTGAATCT[A/G]TACGT,TTGAATTT[A/G]TACGT,TGTGGTGTCTGCTTTATTACGG,0,0
Sfo_10495_69876,C,T,TTGAGGCCGGTGCA,TTGAGGTCGGTGCA,GACCGCAGGAGAAGAGAATTT,0,0
Sfo_10510_69946,A,G,AGGTCATTCACGTTTT,AGGTCGATCACGTTTT,AAGCAACAGTTAGAGCCAGGTC,0,0
Sfo_10549_70135,A,G,GTCG[T/C][C/T]ACATTGGC,GTCG[T/C][C/T]GCATTGGC,GTTCTTCTTGTTCTTGCGGTTG,1,0
Sfo_10730_71096,C,T,CCCGGCCAAACC[G/T]T,CCCGGCTAAACC[G/T]T,AGTGCGTTGAGCCTAGTAAAGC,0,0
Sfo_10816_71533,G,C,AACACTGTCGTCTG,AACACTCTCGTCTG,CAGCACCTGATGACTGTACTGA,0,0
Sfo_10870_71773,C,T,CCTGACCTTCTATA,CCTGACTTTCTATA,ATTAAGCCTCTGCCACTACCTG,0,0
Sfo_10881_71820,A,T,GTTGTGATCTGCTC,GTTGTGTTCTGCTC,GAGGAGTTCACACTGCATCAAG,0,0
Sfo_10980_72325,A,C,CTAACCAAATCTGT,CTAACCCAATCTGT,TGGTTTTCAGAATTGTTTGTTGA,0,2
Sfo_11109_72991,G,T,AATGGGGGCGTGGG,AATGGGTGCGTGGG,GGGTCACCTGATATGAAAATGG,0,0
Sfo_11123_73071,A,G,ACACTGAG[C/A]TACTG,ACACTGGG[C/A]TACTG,GTACAGACAGAGACCCCGACAC,2,0
Sfo_11220_73585,A,G,ACTTTGAC[T/A]TAA[T/C]G,ACTTTGGC[T/A]TAA[T/C]G,CCAAGAACGCTAAGAAACAATG,0,0
Sfo_11261_73799,G,T,GACAACGGCAG[A/C]AG,GACAACTGCAG[A/C]AG,AGGACTTCCCCAGGAAGACAAC,0,2
Sfo_11341_74275,A,T,TTGTTTATGGTAAT,TTGTTTTTGGTAAT,TGCAATACTGCAATCATGTGTC,0,0
Sfo_11362_74362,A,G,AAAGAAAGAGTTGT,AAAGAAGGAGTTGT,GTCGAATTGAGCAGGGAATAAA,0,0
Sfo_11391_74503,A,G,GGATCAACTGG[C/G][C/A]T,GGATCAGCTGG[C/G][C/A]T,TCATTGTTGAAGATGCCCTTAG,0,0
Sfo_11420_74689,C,T,ATTCCCCATATAGT,ATTCCCTATATAGT,ATGGCTGGTTCAAAAATAGCAC,0,1.5
Sfo_11454_74895,A,G,GGTAACAGTAATTT,GGTAACGGTAATTT,TGCAGGGTTCACATACTAAAAATG,0,2
Sfo_11779_76680,C,T,AGTAATCATGGTCA,AGTAATTATGGTCA,CAGGAGGTGCCTCTATTTGAGT,0,0
Sfo_12008_78083,A,C,[T/G/A]CGGG[T/G]AGAGGAGA,[T/G/A]CGGG[T/G]CGAGGAGA,ATGGTGACCCTCATCTGACTG,3.25,0
Sfo_12078_7844,A,G,AGTTGTA[A/T]GGCCAG,AGTTGTG[A/T]GGCCAG,GTTACGGGTGGTCTGAAGTTGT,0,0
Sfo_1211_16645,A,T,ATGGCCAGTTCGTA,ATGGCCTGTTCGTA,AGGTCTGCTGGGTCTGTTATG,0,0
Sfo_12199_79192,A,C,AAAAAAATTCCCAA,AAAAAACTTCCCAA,GAGCTCAAAGTACGCTGGTACA,0,0
Sfo_12360_80124,C,T,ACTAGCCGG[T/C]CCTG,ACTAGCTGG[T/C]CCTG,GGTGGTCACATCCACTACTAGC,0,2
Sfo_12443_80668,C,T,AAGAGACGAAAGGT,AAGAGATGAAAGGT,GACCCCAGAACTGCAAAGAG,0,0
Sfo_12449_80686,C,T,ATCTCTCCCCATCT,ATCTCTTCCCATCT,TGGAGTGTGGTGCCTCTTTATT,0,0
Sfo_12460_80742,A,C,CTACATAAGTTGAC,CTACATCAGTTGAC,ACTGCAAGAGATCACTTTTCTACA,0,0
Sfo_12590_81512,G,T,GCTGGCGGGCGGG[T/G],GCTGGCTGGCGGG[T/G],CGTCGTCTGTTGAACTGTGTTT,0,0
Sfo_12706_82264,A,G,ATTGCGATACTGGT,ATTGCGGTACTGGT,TGCTTCGTGATTTTAGTTTTGC,0,0
Sfo_12850_83151,A,C,CCCGGGAAAACCAT,CCCGGGCAAACCAT,GAGCTCGATGAGCCAAGTAAAG,0,0
Sfo_12957_83773,A,G,TGGAACATAGCGTG,TGGAACGTAGCGTG,TCAAGAGGTGTACCCGTTCC,0,2
Sfo_13069_84325,A,G,GGCACAATCAGTTA,GGCACAGTCAGTTA,GTAACTGGCCGAGTCTAAATGG,0,0
Sfo_13111_84552,G,T,TCTACTGTACAGTA,TCTACTTTACAGTA,CAGGTAACGCAGCTACTTACTCAA,0,0
Sfo_13153_84852,A,G,TACAA[C/T]ACA[A/G]TAAT,TACAA[C/T]GCA[A/G]TAAT,CAACCCTAGATGACAAGCCTATG,2.15,0
Sfo_13387_9160,C,T,AACTTCCAGGAGCA,AACTTCTAGGAGCA,AGACCACCACAACCACAAACTT,0,0
Sfo_13535_9610,G,T,GGGAGAGGGAGAGA,GGGAGATGGAGAGA,CAATGTGACCTGGCAAGGAG,0,0
Sfo_1475_18250,C,T,TTTCTTCCCAGGCC,TTTCTTTCCAGGCC,TTCTGTGGTCAACAGCTTTCTT,0,0
Sfo_1494_18357,A,T,TTTTTTA[A/T]AAATAA,TTTTTTT[A/T]AAATAA,CTAATTTAAACCAGGCCTCTGC,0,0
Sfo_1512_18455,G,C,TGGAGAGGT[A/T][G/T]TCT,TGGAGACGT[A/T][G/T]TCT,CATATCCTGAGACGGAAACGAT,2,0
Sfo_1638_19119,C,T,TCATGCCTACGCTG,TCATGCTTACGCTG,GTGGTCTGGTGAAGGGTCAT,1,0
Sfo_1703_19405,C,T,TATATACATATACA,TATATATATATACA,AACAGAATGGATCCTCCACAGT,0,0
Sfo_1837_20231,A,G,TGCAGTAAGGCATA,TGCAGTGAGGCATA,TGCAGTGAGGCATGCAGT,0,0
Sfo_1917_20650,C,T,GCCATCCTCTGAGA,GCCATCTTCTGAGA,CTGGTACCATACGCCAGGTATT,0,0
Sfo_1928_20713,C,T,AGGGGCCTATTTCA,AGGGGCTTATTTCA,CGCTTCTGACACCAAACAAATA,0,2
Sfo_2060_21529,A,C,TCACGCAATGGTTC,TCACGCCATGGTTC,CCACTGCTTTGATGTTTTCAGA,0,2
Sfo_2112_21892,A,G,[G/C]A[C/G]TAGAG[C/A]CTG[C/A]C,[G/C]A[C/G]TAGGG[C/A]CTG[C/A]C,GCAGGCTGGAGCTATATTTATAAGG,0,0
Sfo_212_10959,C,T,AAGACCCCTGTTAT,AAGACCTCTGTTAT,TCGTACCAGTCTGAACATGACA,0,0
Sfo_2335_23387,G,T,TTGCAGGAAGATCT,TTGCAGTAAGATCT,AATGATTGACAGTGGTGAGCTG,0,0
Sfo_2463_24161,G,C,ACAGCAGGCTAAGC,ACAGCACGCTAAGC,AGAAACTGTCCCAGGCTGTTAG,0,0
Sfo_2526_24536,A,T,TTGTTAAGTCGTCA,TTGTTATGTCGTCA,TGTCTCGTTGTTGGTAATCAGG,0,0
Sfo_2644_25258,A,G,CTGAAAAGTTTCTG,CTGAAAGGTTTCTG,CTGATGAAACTGTGGGATTGAC,2.5,0
Sfo_2714_25693,C,T,GGGTTTCGATCCAG,GGGTTTTGATCCAG,GCAGGGAAGAACGACAGATTTA,0,0
Sfo_2806_26320,G,T,TGGTCTGGGTGGTA,TGGTCTTGGTGGTA,AAGCTTTTCAAAGCGTCTGGT,0,0
Sfo_2851_26642,A,T,GGTGGGATAGCTTA,GGTGGGTTAGCTTA,GTTTACTCTCATGGGGTCATGG,0,0
Sfo_2860_26691,A,G,GAGGCCAGTTGTTC,GAGGCCGGTTGTTC,CGTGGTTACACATGGTCTGC,0,0
Sfo_2895_26891,A,G,ATTCT[A/G]AATGAGG[C/T],ATTCT[A/G]GATGAGG[C/T],GCCTGCTGCAACATGATATTCT,0,3
Sfo_2978_2808,A,G,CCTCTGAAGAAGCA,CCTCTGGAGAAGCA,AGAAACATCATGCCTGGAGAAG,0,0
Sfo_3023_29193,A,T,CCTTGCAGCTCTCA,CCTTGCTGCTCTCA,CTCTCTGGAATGGCTCTGTTG,0,0.75
Sfo_3029_29227,C,T,TAGCAGCGGACAGA,TAGCAGTGGACAGA,ATGAAGGGTGTTCGGTCTATCA,0,0
Sfo_3266_3119,C,T,AGAAAACCATAGAT,AGAAAATCATAGAT,CGCGTGTATCCTAATTCTCCTT,0,0
Sfo_3331_31618,C,T,AGACTACGGGCAGA,AGACTATGGGCAGA,ATCAGTGTGGGCAGACAGACTA,0,0
Sfo_3362_31865,C,T,AATCCCCCAACCAT,AATCCCTCAACCAT,AGCAAATCACAGCACATTTGAA,0,0
Sfo_3394_32060,A,C,AACAAGA[A/G]GAGGTT,AACAAGC[A/G]GAGGTT,AGGGTTGAAAGGCAGGTTACTA,0,0
Sfo_3460_32484,A,G,CTCATTATTACACC,CTCATTGTTACACC,GCAAGCGTTATATTAACATCCTCA,1.75,0
Sfo_3500_32686,C,T,GGCAGCCGTGGA[A/T]G,GGCAGCTGTGGA[A/T]G,ATGGATATGATGTCACGCTTGG,0,0
Sfo_3534_32897,A,G,GATCTAATCAACAA,GATCTAGTCAACAA,CTGGCCACTTGTCTGGATCT,0,0
Sfo_3651_33546,A,G,TGCATGAAGGGAGG,TGCATGGAGGGAGG,AGCTTTAGGAGCTCTGCTTGCT,0,0
Sfo_3661_33614,G,T,TGCTGGGTGGATGT,TGCTGGTTGGATGT,TGGCGTGGTTACTTGTAGTCTG,0,0
Sfo_369_11827,A,T,CAACTTACTCCCAA,CAACTTTCTCCCAA,GGTTGTGATCCCAATAAATCTCA,0,0
Sfo_3726_34004,A,G,TATAGTATTGTCAT,TATAGTGTTGTCAT,CAGGAATTTACTTTATTGGTCTGGA,0,0
Sfo_3881_34908,C,T,ATTTAACCAGGTAG,ATTTAATCAGGTAG,AGGACAGGGTGAGAGGAACATA,0,0
Sfo_3903_34999,G,T,TTAGTTGAGTTGTC,TTAGTTTAGTTGTC,GCATCTGCAGACTAACAAGACAA,0,0
Sfo_4062_35792,G,T,TAATAGGCTCAACT,TAATAGTCTCAACT,CCAACTGTGTCCTTGGGTAATA,0,0
Sfo_4209_36569,C,T,CCAACACCTTTTAT,CCAACATCTTTTAT,CCAACATCAGAGTTCATCTCCA,0,0
Sfo_4327_37229,G,T,ACAGGGGG[A/C]TCAGG,ACAGGGTG[A/C]TCAGG,ACTCCTTTACTGGGCCGTGAC,2,0
Sfo_4439_37744,A,T,CATCTCAA[T/C]AGC[T/C]T,CATCTCTA[T/C]AGC[T/C]T,GGTCTGTGTGCTTTGTCATCTC,0,0
Sfo_4567_38325,G,C,CTTTGTGTCCACCA,CTTTGTCTCCACCA,ACTCTCTGACCAGGCCCAAGT,0,2
Sfo_4573_38371,G,T,CATCATGACGCAGT,CATCATTACGCAGT,AGCCTGGGACCAGAACATC,0,2.25
Sfo_4575_38389,A,C,AGTGGGAGGGGTAT,AGTGGGCGGGGTAT,TTATGGTAGTGGGGAAAAGTGG,0,2
Sfo_463_12313,A,G,AACTGCAAAAGACA,AACTGCGAAAGACA,TCCTATGAGGTTTCCTGCAGTT,0,0
Sfo_4699_39079,C,T,AAAGGACGATGGC[C/A],AAAGGATGATGGC[C/A],AGGTGTTTCAGTCAGCACAATG,0,0
Sfo_4701_39083,A,G,GCTTAAACC[C/T]TACA,GCTTAAGCC[C/T]TACA,GGAGACACAGCTCAGGTTACAA,0,0
Sfo_4704_39105,A,G,ACAAACAAATATAC,ACAAACGAATATAC,CCCAGAATTGATAGTTACCACAAA,0,0
Sfo_4752_39301,G,T,TGGCCGGTTGGCTC,TGGCCGTTTGGCTC,AGATCTTCTTCAGCACCTCCAG,2,0
Sfo_4833_39738,A,G,ATAACCAGGTTCTC,ATAACCGGGTTCTC,GCTCACCCTGGATAACACACAT,0,0
Sfo_5016_4058,A,G,AGCACCAAGCAAGA,AGCACCGAGCAAGA,TTGAGGGAAAGATGAGGGGTAT,0,2
Sfo_5119_41085,A,T,GGTGTTAGAGACGC,GGTGTTTGAGACGC,GTGTGTGAGCACAGCCAAGAC,0,0
Sfo_5148_41269,A,C,AAACAGACAAAACA,AAACAGCCAAAACA,TCACTCAGGTTCCTGAAAACAG,0,0
Sfo_5234_41677,C,T,TTTTATCACTTATC,TTTTATTACTTATC,CAGGCTACTATGGGTGTGAAAA,1.75,0
Sfo_5504_43035,A,T,TGTGTAAATGCGTG,TGTGTATATGCGTG,CATGCATGGAGTGTAAAGTGTG,0,0
Sfo_552_12745,A,G,AATGTTACTACTGT,AATGTTGCTACTGT,GACAGAGGGAAATACGGATGAT,2,0
Sfo_5556_43269,G,T,AAATCAGCTCAAAT,AAATCATCTCAAAT,AGAATCCCGCTATTCTAGCTCA,0,0
Sfo_5614_43532,A,T,TTTTTTAATAATAA,TTTTTTTATAATAA,TTCTCTGCTTAGTCTCTGAATTTTT,0,0
Sfo_5625_4359,A,G,GAAATGATCCTCTC,GAAATGGTCCTCTC,AAGATCAAGGGCTGCGTAGAG,0,0
Sfo_5728_44119,G,T,GGGCAGGGAGAGTG,GGGCAGTGAGAGTG,TGCAGGTTTCTGACTAAATAAAATC,0,0
Sfo_5736_44152,A,G,CCACAAATCTGCTC,CCACAAGTCTGCTC,CTGTTTGGTTCAGGAGCAGTG,0,0
Sfo_579_12874,G,C,TTAATCGCATCTGA,TTAATCCCATCTGA,GTTTTGAAAAACCCAATTGACG,0,0
Sfo_6023_45675,A,G,TACACAAAATGGCA,TACACAGAATGGCA,ACACCACCAAGAGCTTTCCTAC,0,0
Sfo_6126_46155,C,T,AGGGATCTGGGAGA,AGGGATTTGGGAGA,CGGGCGTACTGAGGAGAG,2,0
Sfo_6140_46240,C,T,AAACAGCCGAAAGA,AAACAGTCGAAAGA,GCTGGCGATTGAGAAACAG,0,0
Sfo_6310_47121,A,G,CAGACCACGCCAAT,CAGACCGCGCCAAT,AGCTCAGCAGGTTAAAGGTCAA,0,1.5
Sfo_6417_47708,A,G,AGGAGTATACCCTA,AGGAGTGTACCCTA,AGGATTGTGTACCCGACAGC,0,1
Sfo_6582_48575,A,G,GTTTGCATAACAAA,GTTTGCGTAACAAA,AACAAAAAGAGTGTCAGGTTTGC,0,0
Sfo_6619_48805,A,G,ATAAATATT[C/T]CAAG,ATAAATGTT[C/T]CAAG,GGAGAGGGGTAAAGGAATGTTT,0,2
Sfo_6668_49060,C,T,GGTCACCATGACAA,GGTCACTATGACAA,AACCACTGTATAAGCAGGGTCA,0,0
Sfo_6673_49075,A,T,AACTGCA[A/G]TTGTAG,AACTGCT[A/G]TTGTAG,GGGGCTGGAGAATCATAACTG,0,2
Sfo_6701_49174,C,T,GAACCACTTACATA,GAACCATTTACATA,AACTGGCAGCTGAATTCTTAGC,0,0
Sfo_6718_49278,C,T,CTCACACAGGAAGC,CTCACATAGGAAGC,TACGACATCCGTAGAACACGAC,0,0
Sfo_6719_49295,A,T,GTATGGAGAGATTG,GTATGGTGAGATTG,TCAATAACTACAGGCAGATGTATGG,0,0
Sfo_6827_49811,A,G,AGCCGTAACACCAT,AGCCGTGACACCAT,TGCACTGCAGAGGAGAAGC,0,0
Sfo_7005_50872,C,T,AATTGGCAGGCCTT,AATTGGTAGGCCTT,GAGAACGAAAGGGTGTTGTCTT,0,0
Sfo_7041_51091,C,T,GAGGC[C/A]CCCCCCTA,GAGGC[C/A]TCCCCCTA,TGGTTATTTCATGAGTGGGATG,0,0
Sfo_7140_51670,C,T,GCAGGACGTGACGG,GCAGGATGTGACGG,CATGGAGAAGTCTATGGTGCTG,0,0
Sfo_7159_51777,G,T,GTAAA[G/A]GACAGAGG,GTAAA[G/A]TACAGAGG,ACAAACATGGATGACCATGAAA,0,0
Sfo_7269_5237,G,T,TTGGTAGTGTCCTC,TTGGTATTGTCCTC,TCTTACTCTTCTCCACCTCTTTGG,0,0
Sfo_7395_53087,A,T,GCTTTAAGTAGG[T/C]T,GCTTTATGTAGG[T/C]T,GCAGGCTGCAATTGTTTTT,0,0
Sfo_7400_53105,A,T,TCGGTCAGTCATAC,TCGGTCTGTCATAC,AAACCTGCTCTGTCTATTTGTCG,0,0
Sfo_7443_53406,C,T,TAGATCCGAGTTAA,TAGATCTGAGTTAA,GGGGAGTGTGTGGAAAGTACA,2,0
Sfo_7509_53755,A,T,CTTGGCAGACTCCG,CTTGGCTGACTCCG,CTGCTCTGCCTCTCGCTTG,0,0
Sfo_7620_54327,G,T,GAGAGAGT[A/T]GTTAT,GAGAGATT[A/T]GTTAT,CTGTAACGCACAGCATTGAGAG,0,0
Sfo_7638_54420,C,T,CGCAGCCTGCATAA,CGCAGCTTGCATAA,TGTTGCAGATTTAGACTTGGAG,0,0
Sfo_7696_54747,G,C,AACAGAGTCCACAG,AACAGACTCCACAG,TTCCCAAACCTAAAACCAGTTA,0,0
Sfo_7812_55478,C,T,TCTCTCCCTCCCTC,TCTCTCCCTCTCTC,CTCTGATGTGTTTGGAGCAAAG,0,0
Sfo_7851_55738,A,G,CAACGCACACAAAC,CAACGCGCACAAAC,ACACCACCCCCACCAAC,0,0
Sfo_7896_5604,C,T,TTATGTCAATGCTA,TTATGTTAATGCTA,CTGAGGGGTATTAGTTGCCAAT,0,0
Sfo_8060_57140,G,C,TTCCCTGCTCCCGA,TTCCCTCCTCCCGA,GACCTGCTGGGGCTCTTC,0,1.5
Sfo_8070_57200,G,T,AT[G/T/A][G/A]AT[C/G][A/G]TGAATA,AT[G/T/A][G/A]AT[C/T][A/G]TGAATA,TGATGGATGCTACCATGACTACA,0,1
Sfo_8308_58605,C,T,ATCCCTACCGGCCAAA,ATCCCTACCGGTCAAA,CTCACAAGAGCGCGATGAG,0,0
Sfo_8313_58642,A,C,G[G/A]GGGGA[A/G]GC[C/A]CCG,G[G/A]GGGGC[A/G]GC[C/A]CCG,GCAGGTCATTTTACAAGACTATGTG,0,1
Sfo_8333_58757,A,T,CCTGGCACCCTGCC,CCTGGCTCCCTGCC,ATGCTGTCCCAGCTGACC,0,2
Sfo_8543_59807,A,G,GAGGAGACAGTAGT,GAGGAGGCAGTAGT,CACTTTAACCTGGAAGCAGAGG,0,0
Sfo_8584_59989,G,T,GTACATGC[C/T]TCCTT,GTACATTC[C/T]TCCTT,CCACACAAACCCCCTTTGTA,0,0.5
Sfo_8664_60386,A,T,TCCTCCAGGGTCTG,TCCTCCTGGGTCTG,TTTAGCTGTGCACTCTTTGACC,0,0
Sfo_8805_61109,A,G,CAAGCCATTGATTG,CAAGCCGTTGATTG,TCAACCCAGCTAATATCCAAGC,0,0
Sfo_8809_61147,A,G,AAATGGAGGAGAGT,AAATGGGGGAGAGT,TGGGAAGAGGGGAGTTAGATAAA,1,0
Sfo_8887_61573,A,C,CTGTTCATGCAGTG,CTGTTCCTGCAGTG,AGCATGGAAGGGCTACAGG,0,0
Sfo_8947_61843,A,G,CACATAATACATGA,CACATAGTACATGA,TAACATGGAGACGGGTCACATA,0,2
Sfo_8968_61937,C,T,TTTACACA[A/G]CAAT[A/G],TTTACATA[A/G]CAAT[A/G],TAAAGACGAGTCCACGGAGATT,0,0
Sfo_9209_63234,G,T,CAACAGGGTCTGTC,CAACAGTGTCTGTC,TCTGAGTGGCGTATAGTTCCAA,0,0
Sfo_9299_63692,G,C,TGCGAAGAGAGGCA,TGCGAACAGAGGCA,GCTGTGTCTGTCCACTTGTTGT,0,0
Sfo_9590_65298,A,G,TGGCCCAGTGATCC,TGGCCCGGTGATCC,GTGCCTTATGGTGCTGTGG,0,0
Sfo_9717_6591,A,T,TGTCACATGTGGAT,TGTCACTTGTGGAT,AGTGTCAGGTGTGTGTGTGTCA,0,0
Sfo_9804_66300,A,G,CGGGTCATTTCTAA,CGGGTCGTTTCTAA,CAACTGGCGTGCCTCCT,0,0
Sfo_9862_66595,C,T,TTTTGTCTCGACGT,TTTTGTTTCGACGT,CTAGGCCAGCTGATGCCTTT,0,0
Sfo_9883_66689,A,C,ATT[G/A]ATAATCTTAA,ATT[G/A]ATCATCTTAA,CCTCTGTCTGCTCCCTACAGTC,0,0
Sfo_9909_66805,A,T,TCCTATAAATGACA,TCCTATTAATGACA,TGCAGGTAGAAAATATCCTGATAAA,0,0
Sfo_356897_48,X,Y,CTAACATGCTGACC,CTAACATACTGACC,GATCCTTCGTGCTCCACCTA,0,0
Sfo_74221_58,X,Y,GGAAGGGTAAAGAC,GGAAGGGCAAAGAC,GTCTGCTGGCTCCACTAAGG,0,0
